Date,change_tomorrow
2014-09-30,-0.8677997717794428
2014-10-01,-2.277695875279151
2014-10-02,-4.328088587833667
2014-10-03,-9.31868795923194
2014-10-04,-2.607090978200177
2014-10-05,2.899002952007612
2014-10-06,1.8168464265639894
2014-10-07,4.746696494239844
2014-10-08,3.310996614713002
2014-10-09,-0.9580622813071038
2014-10-10,0.20342299837244893
2014-10-11,4.292707025486497
2014-10-12,3.0390790775579823
2014-10-13,2.6083253373171855
2014-10-14,-1.5444279889752055
2014-10-15,-3.193522126392878
2014-10-16,0.3132171481438295
2014-10-17,1.962995987064864
2014-10-18,-0.4867194484013293
2014-10-19,-1.7503137688007264
2014-10-20,0.9392599328506668
2014-10-21,-0.8657046681642022
2014-10-22,-6.902852781463631
2014-10-23,-0.020089848205406824
2014-10-24,-3.1888655406060895
2014-10-25,2.095553956610463
2014-10-26,-0.48584977760379733
2014-10-27,1.294397277040682
2014-10-28,-6.5636467701151835
2014-10-29,2.813162121560542
2014-10-30,-2.0643051936284573
2014-10-31,-3.8594199084647896
2014-11-01,0.043881215814955965
2014-11-02,0.5073934001031732
2014-11-03,0.8889833217631482
2014-11-04,2.6492957699633
2014-11-05,2.8068412704168044
2014-11-06,-2.0077975054934027
2014-11-07,0.8894659114768722
2014-11-08,4.893411019592242
2014-11-09,0.9974827348680937
2014-11-10,0.20968359058249897
2014-11-11,13.18959883054175
2014-11-12,-0.6716863074146318
2014-11-13,-5.760672614435736
2014-11-14,-5.765247349195457
2014-11-15,3.0290122427669264
2014-11-16,-0.12235138052956174
2014-11-17,-3.254279478738775
2014-11-18,1.4076795028334366
2014-11-19,-6.347808118252374
2014-11-20,-1.992887106408192
2014-11-21,0.5871079580470617
2014-11-22,3.986414860993681
2014-11-23,2.474921240728556
2014-11-24,-0.4137517894161169
2014-11-25,-1.8942902295698616
2014-11-26,0.3516699389524591
2014-11-27,1.8002474987667605
2014-11-28,-0.2545982884226472
2014-11-29,0.6761063507096154
2014-11-30,0.31589027206668785
2014-12-01,0.5428601840906655
2014-12-02,-1.6812865021181178
2014-12-03,-1.4626480780078888
2014-12-04,1.9238219376338628
2014-12-05,-0.5520499016566704
2014-12-06,0.08264507860272774
2014-12-07,-3.6434586493301335
2014-12-08,-2.7511300079227086
2014-12-09,-1.690125754998717
2014-12-10,1.1814409987792263
2014-12-11,0.5775142450339721
2014-12-12,-1.4871450538122444
2014-12-13,1.210351044329172
2014-12-14,-1.820494659677907
2014-12-15,-5.590068197120734
2014-12-16,-2.278473281277149
2014-12-17,-2.6911087451136018
2014-12-18,2.028357154083993
2014-12-19,3.6710976084161295
2014-12-20,-2.8403321747148436
2014-12-21,3.327347258543256
2014-12-22,0.802818141145123
2014-12-23,-3.7323179920055294
2014-12-24,-1.1053017557977718
2014-12-25,2.71892734891368
2014-12-26,-3.818428998321677
2014-12-27,0.43374459659030196
2014-12-28,-1.4612850762539153
2014-12-29,-0.6220739464734226
2014-12-30,2.9532169204897762
2014-12-31,-1.891493808432121
2015-01-01,0.24855252398801042
2015-01-02,-12.078330209179855
2015-01-03,-6.3918669694917885
2015-01-04,3.7449782987790448
2015-01-05,4.093447521663041
2015-01-06,2.7682588660148166
2015-01-07,-3.877905561574968
2015-01-08,2.4307149712450182
2015-01-09,-5.681305433996164
2015-01-10,-3.4389769638582868
2015-01-11,0.7976169950128398
2015-01-12,-18.56672863566109
2015-01-13,-26.814818647931247
2015-01-14,15.125997503260535
2015-01-15,-0.839509467954791
2015-01-16,-4.434912104211275
2015-01-17,5.267216147203547
2015-01-18,2.104610922560901
2015-01-19,-1.678058798128923
2015-01-20,6.867433467371242
2015-01-21,2.7887040273798624
2015-01-22,-0.22630123867461993
2015-01-23,6.039210606528966
2015-01-24,2.3139872392169636
2015-01-25,7.223744284084555
2015-01-26,-3.794661963463697
2015-01-27,-12.63707486301402
2015-01-28,-0.1721500717351887
2015-01-29,-3.1303952041476624
2015-01-30,-4.120681284737482
2015-01-31,4.189061029710784
2015-02-01,4.725286845681332
2015-02-02,-4.8229395586319335
2015-02-03,-0.18294161890215488
2015-02-04,-4.487107854568251
2015-02-05,2.319299347643644
2015-02-06,2.4096136120346667
2015-02-07,-1.9434923770597967
2015-02-08,-1.5001598945839634
2015-02-09,-0.12327025149421189
2015-02-10,-0.2983812602561864
2015-02-11,1.1629524727860274
2015-02-12,5.803495041527141
2015-02-13,8.508443238441654
2015-02-14,-9.57990748361983
2015-02-15,-0.41993757314373603
2015-02-16,4.009276411701057
2015-02-17,-3.082181587244359
2015-02-18,1.6468084109244385
2015-02-19,1.434086651221711
2015-02-20,0.30874628255224135
2015-02-21,-3.6261972122967556
2015-02-22,1.2202138652554595
2015-02-23,-0.06576232235016022
2015-02-24,-0.5326986074644324
2015-02-25,-0.44157849403017035
2015-02-26,6.855826723523927
2015-02-27,0.17108173731860132
2015-02-28,2.282455729033195
2015-03-01,5.611062801424305
2015-03-02,2.141263644115343
2015-03-03,-3.152778192177852
2015-03-04,1.1173947360831438
2015-03-05,-1.266859484498939
2015-03-06,1.2806710175730096
2015-03-07,-0.6950809518809331
2015-03-08,5.266789478686784
2015-03-09,0.7379404526508981
2015-03-10,1.5584734651757248
2015-03-11,-0.6879450829992084
2015-03-12,-3.160122281220934
2015-03-13,-1.224611359248784
2015-03-14,1.574059254564375
2015-03-15,1.4453141942403547
2015-03-16,-1.782099119356162
2015-03-17,-11.395281437930006
2015-03-18,1.7740517087015073
2015-03-19,0.31365312147348945
2015-03-20,-0.6630128118083167
2015-03-21,2.9612620583785887
2015-03-22,-0.4573746964717129
2015-03-23,-8.609698450120318
2015-03-24,0.24452165934593095
2015-03-25,0.9395134135115835
2015-03-26,-0.6084268164150197
2015-03-27,2.282058045423019
2015-03-28,-4.15511605080181
2015-03-29,1.944443622508485
2015-03-30,-1.3520382789277363
2015-03-31,1.232652346916896
2015-04-01,2.265963755001532
2015-04-02,0.5178479685337356
2015-04-03,-0.24635686849385774
2015-04-04,2.6481346484332646
2015-04-05,-1.9984921097348396
2015-04-06,-0.9131889507994151
2015-04-07,-3.3294926154715743
2015-04-08,-0.5523762410337252
2015-04-09,-3.2210463108424348
2015-04-10,0.20291340744357234
2015-04-11,-0.16895913894872105
2015-04-12,-5.149894683804779
2015-04-13,-2.4767447916159036
2015-04-14,2.0881622134226285
2015-04-15,2.073738164029326
2015-04-16,-2.5533664298020176
2015-04-17,0.2122168276112002
2015-04-18,-0.33962115156007666
2015-04-19,0.9019440815863478
2015-04-20,4.523753762422745
2015-04-21,-0.46674396320105505
2015-04-22,0.9667560487105264
2015-04-23,-2.2458792930765803
2015-04-24,-2.15469145925018
2015-04-25,-3.171857515463228
2015-04-26,4.298562930909933
2015-04-27,-1.519116167790413
2015-04-28,-0.020812845688356063
2015-04-29,4.377397543124683
2015-04-30,-1.7519937665393837
2015-05-01,1.2135521277350292
2015-05-02,2.2583017809305717
2015-05-03,-0.5606256883493588
2015-05-04,-1.2269146526016517
2015-05-05,-2.7587037194319652
2015-05-06,3.1820143615233776
2015-05-07,2.6773257039911513
2015-05-08,-0.8398416475999149
2015-05-09,-0.639209745416558
2015-05-10,0.7689192490491714
2015-05-11,-0.4338254633289518
2015-05-12,-2.0031562429334793
2015-05-13,0.23298201196737534
2015-05-14,0.2845036447895355
2015-05-15,-0.6148538660783132
2015-05-16,0.2740695052585673
2015-05-17,-1.57595650347222
2015-05-18,-0.5091679237759772
2015-05-19,0.8849742746177669
2015-05-20,0.5634257948128996
2015-05-21,2.081986499399069
2015-05-22,-0.6179096840791987
2015-05-23,0.8636575953942627
2015-05-24,-1.620767706736781
2015-05-25,0.0025290170926783873
2015-05-26,0.07038323138964797
2015-05-27,0.05265197360382334
2015-05-28,-0.13159721290385562
2015-05-29,-1.607487540622854
2015-05-30,-1.370606345121339
2015-05-31,-3.2584838625464574
2015-06-01,1.2741190244100253
2015-06-02,0.03143307673008078
2015-06-03,-0.6909593969185668
2015-06-04,0.2791665485271322
2015-06-05,0.29563442642031035
2015-06-06,-1.2284612112677618
2015-06-07,2.4543858776279737
2015-06-08,0.24405614856947144
2015-06-09,-0.10708355338135966
2015-06-10,0.39268106895818944
2015-06-11,0.12044107987606578
2015-06-12,1.0412983726220792
2015-06-13,0.48856376483341624
2015-06-14,1.3850001082444052
2015-06-15,5.608723165449858
2015-06-16,-0.6462539563383274
2015-06-17,-0.11123895860039035
2015-06-18,-1.7992203486616454
2015-06-19,0.24713423231327303
2015-06-20,-0.5197936287937965
2015-06-21,1.233250407416886
2015-06-22,-1.1027606617613372
2015-06-23,-1.572045763869201
2015-06-24,0.940694409748577
2015-06-25,0.3263619744608204
2015-06-26,2.946735404067913
2015-06-27,-0.7947455709338413
2015-06-28,3.132680546373212
2015-06-29,2.283783835515596
2015-06-30,-1.7210469110069404
2015-07-01,-1.2564012660256862
2015-07-02,0.36046282104733596
2015-07-03,1.7440522034196548
2015-07-04,4.0553442771613435
2015-07-05,-1.0716260709029202
2015-07-06,-1.0604522191783206
2015-07-07,1.6906412348447586
2015-07-08,-0.5783227800572277
2015-07-09,5.498892549623169
2015-07-10,2.8046937403745975
2015-07-11,5.7104851622099435
2015-07-12,-6.441623715716527
2015-07-13,-1.5967204621842424
2015-07-14,-0.5720130535354029
2015-07-15,-2.783289181139592
2015-07-16,0.49486019364169964
2015-07-17,-1.6627745517407089
2015-07-18,-0.47036600480225843
2015-07-19,1.9237776466805911
2015-07-20,-1.1412628826742877
2015-07-21,0.5010342348808483
2015-07-22,-0.4249149915748873
2015-07-23,4.242086896723729
2015-07-24,0.14512649704974123
2015-07-25,1.362898672520929
2015-07-26,0.3194521918737814
2015-07-27,0.27273620553693867
2015-07-28,-1.6702944426266075
2015-07-29,-0.6492418281825119
2015-07-30,-1.0792169445519306
2015-07-31,-1.0827307325427915
2015-08-01,0.3584395816469965
2015-08-02,-0.49320441364235634
2015-08-03,1.399279672219933
2015-08-04,-1.1834734644124767
2015-08-05,-1.1863839172009172
2015-08-06,0.3605328026453525
2015-08-07,-7.121913859933238
2015-08-08,1.5414034150564526
2015-08-09,-0.23178681474929075
2015-08-10,2.1879777083722685
2015-08-11,-1.5053830455688866
2015-08-12,-0.8694413149646918
2015-08-13,0.6022305584252874
2015-08-14,-1.578658802172983
2015-08-15,-1.177533483725246
2015-08-16,-0.2058235319029489
2015-08-17,-22.217757142507068
2015-08-18,6.884037069828464
2015-08-19,3.682175543432664
2015-08-20,-1.1957766755051669
2015-08-21,-0.9457879509808587
2015-08-22,-0.9733982180770484
2015-08-23,-8.396404494382015
2015-08-24,5.015138707160672
2015-08-25,1.8695397180822249
2015-08-26,-0.4724835156211249
2015-08-27,2.863921162526195
2015-08-28,-0.7032802345887657
2015-08-29,-0.44544183025692075
2015-08-30,0.5629056274644384
2015-08-31,-0.8482329728327631
2015-09-01,0.5072287652442165
2015-09-02,-0.9248042050781669
2015-09-03,1.3525976938688067
2015-09-04,2.0087708220998257
2015-09-05,2.0100897344560997
2015-09-06,0.0029201049736360396
2015-09-07,1.5434673838342183
2015-09-08,-2.283680166124036
2015-09-09,0.1295746469553105
2015-09-10,0.6788597002526542
2015-09-11,-2.0737199246910754
2015-09-12,-2.046318904411071
2015-09-13,0.057232698785381064
2015-09-14,-0.14762936667584992
2015-09-15,-0.5294827899943177
2015-09-16,0.31286460478799905
2015-09-17,1.358518494260963
2015-09-18,-0.6401964257759296
2015-09-19,-0.12152941619023583
2015-09-20,-1.8173806193058306
2015-09-21,1.5319660910793953
2015-09-22,-0.14546946502898006
2015-09-23,1.8104379719758312
2015-09-24,0.26153771379153756
2015-09-25,-0.3430916049571575
2015-09-26,-0.6801052290476894
2015-09-27,2.66995950208041
2015-09-28,-1.0372356182524634
2015-09-29,-0.2656099753671981
2015-09-30,0.6268173885540018
2015-10-01,-0.10788211404959558
2015-10-02,0.6019337685579162
2015-10-03,-0.19768111033933167
2015-10-04,0.8835870085452724
2015-10-05,2.308355117532357
2015-10-06,-1.2734173800066584
2015-10-07,-0.2744458547063511
2015-10-08,0.6669914455299186
2015-10-09,0.41234196418453717
2015-10-10,0.8536768925360705
2015-10-11,-0.7101294715486928
2015-10-12,1.6833115660483178
2015-10-13,0.9845679070282554
2015-10-14,0.9165652893997955
2015-10-15,3.252183065308467
2015-10-16,2.871351681466139
2015-10-17,-3.438658436361819
2015-10-18,0.6810001130636789
2015-10-19,2.236299860336022
2015-10-20,-1.198402191536907
2015-10-21,2.8285971579160907
2015-10-22,0.8944042314199652
2015-10-23,1.831321285679277
2015-10-24,0.7141853598671033
2015-10-25,0.5678216566777694
2015-10-26,2.8891604674220916
2015-10-27,3.5552779815669067
2015-10-28,2.943078551682299
2015-10-29,4.316876676296633
2015-10-30,-4.408188727458917
2015-10-31,3.461567784534536
2015-11-01,9.900078923970812
2015-11-02,10.46758010791602
2015-11-03,1.9792829592789496
2015-11-04,-6.524840980065805
2015-11-05,-3.1735526602417297
2015-11-06,3.1080344169039043
2015-11-07,-3.512347804650817
2015-11-08,1.8116634956522937
2015-11-09,-12.896537383509932
2015-11-10,-8.272680086261964
2015-11-11,8.004682071717461
2015-11-12,-0.4154431801725478
2015-11-13,-1.1555768882422157
2015-11-14,-3.9791924640834697
2015-11-15,3.200299242049931
2015-11-16,1.29605040271904
2015-11-17,-0.15063146186398146
2015-11-18,-2.588083931787888
2015-11-19,-1.281584364392141
2015-11-20,1.5003345548068703
2015-11-21,-0.7367414190707189
2015-11-22,-0.46124106106322227
2015-11-23,-0.9373652830618306
2015-11-24,2.4862445597970906
2015-11-25,6.940489924978033
2015-11-26,1.496472990849207
2015-11-27,-0.18495113128114138
2015-11-28,3.7471637427237026
2015-11-29,1.5973157673594973
2015-11-30,-4.09199960902531
2015-12-01,-0.9190184403526258
2015-12-02,0.5148868352019775
2015-12-03,0.5884151636770696
2015-12-04,6.624516548776738
2015-12-05,-0.04270136026596205
2015-12-06,1.707308830759291
2015-12-07,4.819239947689569
2015-12-08,0.4789696539514443
2015-12-09,-0.5015859659349253
2015-12-10,8.06725376498133
2015-12-11,-3.894504707526636
2015-12-12,-0.28633776683839596
2015-12-13,2.347461579409793
2015-12-14,4.542886934823153
2015-12-15,-2.283193637577141
2015-12-16,0.25083701555942417
2015-12-17,1.6259133482084964
2015-12-18,-0.27989288265310996
2015-12-19,-4.435884097383269
2015-12-20,-0.9223963032069848
2015-12-21,-0.4734652346764179
2015-12-22,1.3175851765476532
2015-12-23,2.765802120981309
2015-12-24,0.14660931958406787
2015-12-25,-9.197560723381159
2015-12-26,1.3123721406122724
2015-12-27,-0.12882628744261826
2015-12-28,2.4721547884136053
2015-12-29,-1.4914928190482568
2015-12-30,0.9166961458645151
2015-12-31,0.8673114882621902
2016-01-01,-0.20672544528945735
2016-01-02,-0.7969568364725399
2016-01-03,0.7111708776068149
2016-01-04,-0.2618325736790439
2016-01-05,-0.665333751798336
2016-01-06,6.318768535570274
2016-01-07,-1.0630348933817313
2016-01-08,-1.255335246384881
2016-01-09,0.08482422305147175
2016-01-10,0.09745415316322337
2016-01-11,-2.9236398633016414
2016-01-12,-0.7676278536890235
2016-01-13,-0.4798916219104221
2016-01-14,-18.10853516527091
2016-01-15,5.9878350518711265
2016-01-16,-1.3698700121831164
2016-01-17,1.2575905153112465
2016-01-18,-1.8463846267099848
2016-01-19,9.537877619888956
2016-01-20,-2.429671219436358
2016-01-21,-7.260279612283815
2016-01-22,1.29009266139547
2016-01-23,3.8414701473446167
2016-01-24,-2.8706276169403244
2016-01-25,0.10888656637667582
2016-01-26,0.7137138416382305
2016-01-27,-3.861006587589899
2016-01-28,-0.21477161636993536
2016-01-29,-0.3222678153333769
2016-01-30,-2.572900133625655
2016-01-31,1.1496937370396476
2016-02-01,0.371746757433955
2016-02-02,-1.2161116417593876
2016-02-03,5.042426040731252
2016-02-04,-0.787735273326251
2016-02-05,-2.6630603184195634
2016-02-06,0.02601878408736713
2016-02-07,-0.8496531575140631
2016-02-08,0.6866493779519978
2016-02-09,1.4725560164767337
2016-02-10,-0.525477187335377
2016-02-11,1.199441211671659
2016-02-12,1.9386988075512535
2016-02-13,3.774286084058187
2016-02-14,-1.7604391645648532
2016-02-15,1.7922022035163687
2016-02-16,2.121911541229282
2016-02-17,1.4326188169953902
2016-02-18,-0.3773856396768194
2016-02-19,3.746648339719605
2016-02-20,0.3723815218145021
2016-02-21,-0.2398682220164483
2016-02-22,-4.043389135757658
2016-02-23,0.9928096560663735
2016-02-24,-0.09680509404550453
2016-02-25,1.7604920414918457
2016-02-26,0.08485277732679375
2016-02-27,0.2272148253660844
2016-02-28,0.9579670983802968
2016-02-29,-0.5915580676541188
2016-03-01,-2.6260048748775633
2016-03-02,-0.5544900142292031
2016-03-03,-2.6067143143267746
2016-03-04,-2.588558266349872
2016-03-05,1.7505202008751164
2016-03-06,1.5963500382389473
2016-03-07,-0.08431235778694202
2016-03-08,0.2140482378720443
2016-03-09,0.5444396475441593
2016-03-10,1.0811236814060154
2016-03-11,-2.4454379955064054
2016-03-12,0.5895232649684723
2016-03-13,0.5698293399307053
2016-03-14,0.09404272812499892
2016-03-15,0.04340407370393429
2016-03-16,0.8582585867758397
2016-03-17,-2.703711881064108
2016-03-18,0.21829923039855537
2016-03-19,0.800233133037187
2016-03-20,-0.10839352816798264
2016-03-21,1.1437714325756132
2016-03-22,-0.01148312057925871
2016-03-23,-0.39553226199262603
2016-03-24,0.18768759981671046
2016-03-25,0.18375751776787963
2016-03-26,2.066712832935602
2016-03-27,-0.5973224903373486
2016-03-28,-1.8522689406139659
2016-03-29,-0.4098158341126146
2016-03-30,0.4590499741640164
2016-03-31,0.2945228189288107
2016-04-01,0.6921314702469705
2016-04-02,0.007366492118510148
2016-04-03,0.12813292978641755
2016-04-04,0.6098621660261871
2016-04-05,-0.1457216482993795
2016-04-06,-0.1580147075172178
2016-04-07,-0.5700016175407718
2016-04-08,-0.2236441717612836
2016-04-09,0.5107135910160654
2016-04-10,0.2175250469104717
2016-04-11,0.6366567221426922
2016-04-12,-0.34361028903595603
2016-04-13,0.12916035412249283
2016-04-14,1.2638667192771846
2016-04-15,0.1994970154829745
2016-04-16,-0.7423986130677518
2016-04-17,0.27812450379413045
2016-04-18,1.5884859382741978
2016-04-19,1.3321593383591068
2016-04-20,1.7880581727492184
2016-04-21,-0.8273911040119986
2016-04-22,1.0093704161230899
2016-04-23,1.8041412411744284
2016-04-24,0.6222020928958516
2016-04-25,1.000451521541168
2016-04-26,-4.8128182238429185
2016-04-27,0.9629997352036179
2016-04-28,1.3372970460317601
2016-04-29,-1.5120944960016258
2016-04-30,0.787166104771786
2016-05-01,-1.6205297759632753
2016-05-02,1.2513722792376392
2016-05-03,-0.8018411570941852
2016-05-04,0.2799320239047165
2016-05-05,2.529788474589867
2016-05-06,-0.2326940652398024
2016-05-07,0.0026155185704812567
2016-05-08,0.4202104206696977
2016-05-09,-2.1264402863039544
2016-05-10,0.40488059615270133
2016-05-11,0.4481413351378638
2016-05-12,0.19839405494261886
2016-05-13,0.00021431307268837685
2016-05-14,0.4145838874590968
2016-05-15,-0.74973056400367
2016-05-16,-0.08374154421908475
2016-05-17,0.18388992918351166
2016-05-18,-3.625130627394779
2016-05-19,0.8947850303679172
2016-05-20,0.11552510937598015
2016-05-21,-0.8797605068612047
2016-05-22,1.0879086683031836
2016-05-23,0.4094319759160858
2016-05-24,0.804719646277674
2016-05-25,0.8348339684879691
2016-05-26,4.241080003516718
2016-05-27,10.673909726600394
2016-05-28,-0.723445136346812
2016-05-29,1.4293981772592335
2016-05-30,-0.46633283667738556
2016-05-31,1.0306929818548527
2016-06-01,0.19554957929498462
2016-06-02,5.485297899111641
2016-06-03,0.6168768161419314
2016-06-04,0.39132000760475627
2016-06-05,1.8034723318168133
2016-06-06,-1.550476793340505
2016-06-07,0.8678892620858303
2016-06-08,-1.220788087783209
2016-06-09,0.49179454593190064
2016-06-10,4.822106076937893
2016-06-11,9.818456915076645
2016-06-12,4.485101853507856
2016-06-13,-2.7447608433575743
2016-06-14,1.282990777083859
2016-06-15,9.37468887368491
2016-06-16,-2.323244465724672
2016-06-17,0.9676979614969272
2016-06-18,0.9890290613841279
2016-06-19,-3.602015148801896
2016-06-20,-10.586338602797586
2016-06-21,-11.83258735108299
2016-06-22,4.465062393630825
2016-06-23,6.211045077002297
2016-06-24,-0.026465089069604986
2016-06-25,-5.681260885246231
2016-06-26,3.9537627796355945
2016-06-27,-1.2788308134436432
2016-06-28,-1.1112787746765163
2016-06-29,4.967343497565658
2016-06-30,0.437537013441891
2016-07-01,3.8945469577310377
2016-07-02,-6.837784485288534
2016-07-03,3.6564832189072582
2016-07-04,-1.9436993842032013
2016-07-05,0.9897641706956173
2016-07-06,-5.7401127854796785
2016-07-07,3.894989090514167
2016-07-08,-2.390774818104524
2016-07-09,-0.246402097016718
2016-07-10,-0.2626364766810996
2016-07-11,2.5418708516271704
2016-07-12,-1.5406417948141238
2016-07-13,0.5485649627386513
2016-07-14,0.780544724881449
2016-07-15,-0.3765284836782401
2016-07-16,2.7510057260630716
2016-07-17,-0.9438284814097475
2016-07-18,-0.03596631557254426
2016-07-19,-1.0784404244665868
2016-07-20,-0.10119721277215277
2016-07-21,-2.2122017587292486
2016-07-22,0.7531029371647624
2016-07-23,0.8663349544828725
2016-07-24,-1.0989178130445643
2016-07-25,-0.3548703701501399
2016-07-26,0.3924482853729816
2016-07-27,0.10426670734217103
2016-07-28,0.29787748357813504
2016-07-29,-0.2969263782473197
2016-07-30,-4.86103552457533
2016-07-31,-3.0364355351167216
2016-08-01,-10.741680822710586
2016-08-02,3.3353557865151595
2016-08-03,2.0636776708296556
2016-08-04,-0.5644745717377386
2016-08-05,2.1666317935692625
2016-08-06,0.8287616265592601
2016-08-07,-0.27679133945879286
2016-08-08,-0.5534169867251304
2016-08-09,0.7265630733935491
2016-08-10,-0.5063539264134276
2016-08-11,-0.26567103308998696
2016-08-12,-0.336586176296394
2016-08-13,-2.6495539033855042
2016-08-14,-0.5699584447892425
2016-08-15,1.766253264404416
2016-08-16,-0.7367244521709893
2016-08-17,0.19187797687176822
2016-08-18,0.22792622129159668
2016-08-19,1.042985674239949
2016-08-20,-0.0669246074452845
2016-08-21,0.9279897010005089
2016-08-22,-0.5721506682257349
2016-08-23,-0.5572339633622025
2016-08-24,-0.41903495824440196
2016-08-25,0.3260607926585668
2016-08-26,-1.7026107912476496
2016-08-27,0.6908665279729553
2016-08-28,0.03396706990912435
2016-08-29,0.5880482262958342
2016-08-30,-0.3529287111791346
2016-08-31,-0.5537287881806296
2016-09-01,0.5619115470245961
2016-09-02,3.7904603613572174
2016-09-03,1.712358748754872
2016-09-04,-0.3369566300151172
2016-09-05,0.6300328664545662
2016-09-06,0.6684683576978045
2016-09-07,1.879558090625788
2016-09-08,-0.5546913239695916
2016-09-09,0.10391979068032908
2016-09-10,-2.767340101347182
2016-09-11,0.25055559441201636
2016-09-12,0.16381806697285395
2016-09-13,0.2362912921331728
2016-09-14,-0.5812340389085735
2016-09-15,-0.02998598441814604
2016-09-16,-0.16320788296895206
2016-09-17,0.6378390452690175
2016-09-18,-0.10620568397272656
2016-09-19,-0.1504126188070165
2016-09-20,-1.8693868948614467
2016-09-21,-0.1427160951779083
2016-09-22,1.0855259860748645
2016-09-23,-0.036005804682637255
2016-09-24,-0.29942300501233365
2016-09-25,1.1869293227775413
2016-09-26,-0.30965347970239865
2016-09-27,-0.23779091033142574
2016-09-28,0.15931599526546325
2016-09-29,0.6629096713499982
2016-09-30,0.6918735598807735
2016-10-01,-0.5059719618278002
2016-10-02,0.20272829691978522
2016-10-03,-0.3161264393730434
2016-10-04,0.3766474214230042
2016-10-05,0.08319613339100584
2016-10-06,0.6643714561795133
2016-10-07,0.32094555460091545
2016-10-08,-0.3819942176367608
2016-10-09,0.3622013020038839
2016-10-10,3.443919277364005
2016-10-11,-0.7670647784737472
2016-10-12,0.09328002352512188
2016-10-13,0.5609155893092521
2016-10-14,-0.2711979155118671
2016-10-15,0.46521839466645565
2016-10-16,-0.3814166155329257
2016-10-17,-0.1932677830804641
2016-10-18,-1.1799787811554996
2016-10-19,0.05341544922624619
2016-10-20,0.31146034809718115
2016-10-21,3.722231327487291
2016-10-22,-0.03394191288410564
2016-10-23,-0.506300869555476
2016-10-24,0.5819793386289573
2016-10-25,3.0540882739678588
2016-10-26,1.4541309460049057
2016-10-27,0.1940130143243235
2016-10-28,3.4749800615477944
2016-10-29,-1.7973553264795994
2016-10-30,-0.12725598566791785
2016-10-31,3.9492080282487296
2016-11-01,1.4896757568252816
2016-11-02,-7.569183441438021
2016-11-03,2.0668728728370778
2016-11-04,0.026022141293369216
2016-11-05,1.1389589053504734
2016-11-06,-1.193375264689589
2016-11-07,0.946264665546015
2016-11-08,1.8561438907081396
2016-11-09,-1.0815717644224954
2016-11-10,0.12241773884068552
2016-11-11,-1.610797806884845
2016-11-12,-0.43060922219606557
2016-11-13,0.42409945958225004
2016-11-14,0.9271846716994991
2016-11-15,4.377730063462959
2016-11-16,-0.43469747986168983
2016-11-17,1.4114214515238754
2016-11-18,0.004125225943418798
2016-11-19,-2.816592956743391
2016-11-20,1.112209301989564
2016-11-21,1.6103077895014195
2016-11-22,-0.9069359645386577
2016-11-23,-0.5815286553309207
2016-11-24,0.18337318269662228
2016-11-25,-0.8522057394867222
2016-11-26,-0.4572248623668784
2016-11-27,0.5134477369777901
2016-11-28,-0.028409901780057645
2016-11-29,1.3527017734786595
2016-11-30,1.4645069737563188
2016-12-01,2.721273476494357
2016-12-02,-0.8803600017855739
2016-12-03,0.3510890622605567
2016-12-04,-1.999735972875194
2016-12-05,0.7228229973757827
2016-12-06,0.5087693160350626
2016-12-07,0.34742394677119703
2016-12-08,0.25673190692034886
2016-12-09,0.2395943984911275
2016-12-10,-0.6390552325685084
2016-12-11,1.3275387696293217
2016-12-12,0.0600924414890458
2016-12-13,0.11836343706177477
2016-12-14,-0.43606961111510856
2016-12-15,0.8687615066848009
2016-12-16,0.7488340998979548
2016-12-17,-0.037816424959635775
2016-12-18,0.27550415288901675
2016-12-19,1.0191324928636503
2016-12-20,4.0040500817185904
2016-12-21,3.5000084365111594
2016-12-22,6.2304801617075745
2016-12-23,-2.5769269945607576
2016-12-24,-0.2944753621553886
2016-12-25,1.259021180633968
2016-12-26,2.741970380226555
2016-12-27,4.3777131102993305
2016-12-28,-0.24900037774826522
2016-12-29,-1.2753380024780103
2016-12-30,0.2599245786801929
2016-12-31,3.464005291578176
2017-01-01,2.29263399001407
2017-01-02,2.116221503643312
2017-01-03,9.603112114870605
2017-01-04,-13.94836832233366
2017-01-05,-12.323087371574815
2017-01-06,0.702634651544709
2017-01-07,0.2868695761910067
2017-01-08,-0.927194510197249
2017-01-09,0.5344414817879062
2017-01-10,-16.70470261138648
2017-01-11,3.364291997815927
2017-01-12,2.3240771920083336
2017-01-13,-0.6808333175477577
2017-01-14,0.4120217421755168
2017-01-15,1.1708508598852307
2017-01-16,8.41511123946399
2017-01-17,-2.4046441401070595
2017-01-18,1.3853176679647472
2017-01-19,-0.4521653075884702
2017-01-20,2.903375983630885
2017-01-21,0.3118910415039311
2017-01-22,-0.3974920643735613
2017-01-23,-3.173005973560117
2017-01-24,0.9822038846204251
2017-01-25,1.7485016525174868
2017-01-26,0.23528148571283491
2017-01-27,0.19965785239094425
2017-01-28,-0.22773946164831305
2017-01-29,0.09626952123669152
2017-01-30,5.154662064472526
2017-01-31,1.8826655117364033
2017-02-01,2.2511343955187946
2017-02-02,1.7584105199191735
2017-02-03,1.2455642851934234
2017-02-04,-1.5145968337098248
2017-02-05,1.0412809651332622
2017-02-06,2.1858907717095866
2017-02-07,0.1617928066849239
2017-02-08,-6.9074944952946415
2017-02-09,-0.5774384994599702
2017-02-10,1.570610860156063
2017-02-11,-0.5273300607150144
2017-02-12,-0.8619664032539776
2017-02-13,1.3844964564611928
2017-02-14,0.29082391040842204
2017-02-15,1.9426888261887987
2017-02-16,1.7940968096337273
2017-02-17,0.7786349524514846
2017-02-18,-0.6250822009072232
2017-02-19,2.9732019048747227
2017-02-20,3.1668669248680392
2017-02-21,0.19149956063250206
2017-02-22,4.223809528791755
2017-02-23,0.5930136569848088
2017-02-24,-2.6087642312117465
2017-02-25,1.833160508638898
2017-02-26,1.2517284251266858
2017-02-27,-0.0
2017-02-28,3.4789390017893607
2017-03-01,2.278959364279287
2017-03-02,1.880797547621682
2017-03-03,-1.5806848133213647
2017-03-04,0.9446596020306619
2017-03-05,0.4486035947173006
2017-03-06,-4.028467840738115
2017-03-07,-6.394786005434772
2017-03-08,3.2385624238017052
2017-03-09,-6.426859142320263
2017-03-10,5.027086191093211
2017-03-11,3.7293920521071056
2017-03-12,0.8555781776830917
2017-03-13,0.6516093592489947
2017-03-14,0.7690387772356755
2017-03-15,-5.202845885223217
2017-03-16,-7.960161028123114
2017-03-17,-12.981069172275038
2017-03-18,6.069216743157346
2017-03-19,1.6590298661965819
2017-03-20,5.917687568685926
2017-03-21,-6.805576321287132
2017-03-22,-1.0158050024864362
2017-03-23,-10.780564060871622
2017-03-24,3.624561433669482
2017-03-25,-0.6262397544463782
2017-03-26,7.558549439076789
2017-03-27,0.13178674026051995
2017-03-28,-0.6904097150115751
2017-03-29,-1.3191270991369963
2017-03-30,4.232170826222559
2017-03-31,0.8061046679777917
2017-04-01,1.966125287504883
2017-04-02,3.640465856685293
2017-04-03,-0.9318383934480368
2017-04-04,-0.753033525001312
2017-04-05,4.895662544775958
2017-04-06,-0.49112322006727993
2017-04-07,-0.0807919793899936
2017-04-08,1.003480515065669
2017-04-09,-0.06233438893223919
2017-04-10,1.4838055068347678
2017-04-11,-0.3865487030925374
2017-04-12,-2.658898214400174
2017-04-13,-0.14903045515870517
2017-04-14,0.42472455785794727
2017-04-15,0.8808496112332698
2017-04-16,0.9188374717844505
2017-04-17,1.465746376612298
2017-04-18,-0.11402265888940111
2017-04-19,1.5287790594602613
2017-04-20,-0.5752552633424335
2017-04-21,0.7842684086132201
2017-04-22,-2.029472982560021
2017-04-23,3.434792835898892
2017-04-24,1.2121759902242624
2017-04-25,1.2169393289334196
2017-04-26,2.781300035461376
2017-04-27,-0.09495017155938257
2017-04-28,0.40173238084895146
2017-04-29,1.9363579596473945
2017-04-30,5.185000154992203
2017-05-01,2.148922224179961
2017-05-02,2.5011925713312455
2017-05-03,3.094297005547453
2017-05-04,1.1430716374491556
2017-05-05,1.478977510393531
2017-05-06,1.1216759804554166
2017-05-07,7.34847920866335
2017-05-08,1.8235581323915229
2017-05-09,1.7777117190382108
2017-05-10,3.323647099726379
2017-05-11,-7.210710617945204
2017-05-12,4.469477282394085
2017-05-13,0.22112763622398335
2017-05-14,-4.054231593517388
2017-05-15,-0.22947347292283649
2017-05-16,5.68977138656529
2017-05-17,2.6240996454134247
2017-05-18,4.983621276250794
2017-05-19,4.653841046092455
2017-05-20,-2.132570563304381
2017-05-21,6.082633528662318
2017-05-22,6.335923000197807
2017-05-23,5.042476638123783
2017-05-24,-6.01566665586295
2017-05-25,-4.656698642029933
2017-05-26,-8.021596627028305
2017-05-27,5.423974907807416
2017-05-28,4.424969469028994
2017-05-29,-3.683807995421251
2017-05-30,4.852145751235836
2017-05-31,5.0446856410978125
2017-06-01,3.241653349652873
2017-06-02,1.0654599871841586
2017-06-03,-0.14093577857881012
2017-06-04,6.513300016882972
2017-06-05,6.160585903402616
2017-06-06,-4.796206784299462
2017-06-07,2.6183232943084778
2017-06-08,0.6441630643991836
2017-06-09,4.2032596146041605
2017-06-10,0.35158077646538777
2017-06-11,-11.222622611449173
2017-06-12,2.1122456333115713
2017-06-13,-8.40458082783595
2017-06-14,-1.695625126301148
2017-06-15,2.1432874028380344
2017-06-16,5.170407935517485
2017-06-17,-4.2220407450001884
2017-06-18,1.5952292645933341
2017-06-19,4.856728091039009
2017-06-20,-1.21564613510452
2017-06-21,0.602859270239331
2017-06-22,1.4390271908649055
2017-06-23,-5.220565753921957
2017-06-24,-0.7457320103490206
2017-06-25,-4.47699018029537
2017-06-26,2.8991753576216195
2017-06-27,0.8676469751591531
2017-06-28,-1.3968294562426653
2017-06-29,-2.357265216496618
2017-06-30,-1.9013796444555142
2017-07-01,2.869370976538166
2017-07-02,2.2460506608495745
2017-07-03,1.4444671644058604
2017-07-04,0.013454996274542275
2017-07-05,0.2518657118025791
2017-07-06,-3.5693642500977285
2017-07-07,2.048744000427638
2017-07-08,-2.1005125281977843
2017-07-09,-6.148627609408752
2017-07-10,-1.4873029207188138
2017-07-11,2.544982015946229
2017-07-12,-1.7362987082776726
2017-07-13,-5.577288256656465
2017-07-14,-11.73069170714436
2017-07-15,-3.577537852443702
2017-07-16,13.399238811394099
2017-07-17,3.9014513590672317
2017-07-18,-1.9991797653106547
2017-07-19,19.31325053787013
2017-07-20,-5.61670042815392
2017-07-21,5.065979441631685
2017-07-22,-2.919726695540792
2017-07-23,0.8878928193931435
2017-07-24,-6.923404346447581
2017-07-25,-1.8592986698585001
2017-07-26,5.327163036039928
2017-07-27,4.885350354454598
2017-07-28,-3.028115684216548
2017-07-29,1.1145438901575266
2017-07-30,4.109432367587629
2017-07-31,-5.778699519570374
2017-08-01,-0.28000782497983323
2017-08-02,3.35362260355736
2017-08-03,3.147906705396797
2017-08-04,10.975404458703174
2017-08-05,-1.2125295249317602
2017-08-06,4.8831883034692325
2017-08-07,1.1988514623780588
2017-08-08,-2.317746199132742
2017-08-09,1.14779190890677
2017-08-10,7.377927016359321
2017-08-11,6.025928476099329
2017-08-12,4.62897159464598
2017-08-13,5.823405998690879
2017-08-14,-3.4242491149316656
2017-08-15,4.448621707671851
2017-08-16,-1.0374690251181873
2017-08-17,-4.1116424811787455
2017-08-18,0.7888040771721117
2017-08-19,-2.594156203870801
2017-08-20,-2.147064079242389
2017-08-21,2.40896346869115
2017-08-22,1.2284657128007415
2017-08-23,4.225459522327702
2017-08-24,0.8445402381337175
2017-08-25,-0.4411404223715998
2017-08-26,0.6954327128214866
2017-08-27,-0.005013543251508601
2017-08-28,4.288250814447214
2017-08-29,-0.30053261408291565
2017-08-30,2.9359744358265494
2017-08-31,3.855667464763368
2017-09-01,-6.841132984569898
2017-09-02,0.0914243511172419
2017-09-03,-8.182826505829954
2017-09-04,3.2039020284536646
2017-09-05,4.798446122965483
2017-09-06,0.05999647154508736
2017-09-07,-8.776349578776244
2017-09-08,-0.06365128202046044
2017-09-09,-2.50113071383542
2017-09-10,0.9211148986990714
2017-09-11,-0.737384689817211
2017-09-12,-6.393154185328398
2017-09-13,-23.06344468153845
2017-09-14,13.266458074959587
2017-09-15,-0.3442715207078839
2017-09-16,-1.1767114061581374
2017-09-17,11.864608731492698
2017-09-18,-3.572765690322699
2017-09-19,-0.4869499038394842
2017-09-20,-7.571106601742517
2017-09-21,-0.0093670062301765
2017-09-22,4.26378956164255
2017-09-23,-2.9748729740768143
2017-09-24,6.195253172605519
2017-09-25,-0.8663139197943481
2017-09-26,7.33977746295118
2017-09-27,-0.6213561482445229
2017-09-28,-0.280085531647023
2017-09-29,4.048211065041974
2017-09-30,1.4767054816240632
2017-10-01,0.1265408286580505
2017-10-02,-2.127163163823842
2017-10-03,-2.0835332068227963
2017-10-04,2.288375856103342
2017-10-05,0.97006966158103
2017-10-06,1.266805283009964
2017-10-07,3.982011515671613
2017-10-08,3.385150070648024
2017-10-09,0.20849509001670263
2017-10-10,0.9217845360135368
2017-10-11,11.39049769472228
2017-10-12,3.5468807795885127
2017-10-13,3.165067275890343
2017-10-14,-2.7050891083472584
2017-10-15,0.827860598423602
2017-10-16,-2.1421794474674627
2017-10-17,-0.26508041715906927
2017-10-18,2.064109046160012
2017-10-19,5.039219588269461
2017-10-20,0.3340722530921769
2017-10-21,-0.38579486924437134
2017-10-22,-1.316962659202603
2017-10-23,-7.304251362739733
2017-10-24,3.897886825864405
2017-10-25,2.608547094489977
2017-10-26,-2.1437869168259516
2017-10-27,-0.4833934346421209
2017-10-28,6.512349952412444
2017-10-29,-0.38039636568547586
2017-10-30,5.2233956200679055
2017-10-31,4.416971494758338
2017-11-01,4.396269568499678
2017-11-02,1.7933417570527466
2017-11-03,2.333219400272779
2017-11-04,0.37070933508833726
2017-11-05,-5.477197048769722
2017-11-06,1.7023187341995372
2017-11-07,4.226852068523234
2017-11-08,-4.425090218407979
2017-11-09,-7.939389776457073
2017-11-10,-4.098087880024859
2017-11-11,-6.84916791696657
2017-11-12,9.290667237563422
2017-11-13,1.1492260200429483
2017-11-14,9.29241088740752
2017-11-15,7.065190657705145
2017-11-16,-2.110519044449677
2017-11-17,1.0418242137334555
2017-11-18,3.065272586004808
2017-11-19,2.001665980943035
2017-11-20,-1.6029701257233908
2017-11-21,2.208625904928452
2017-11-22,-2.6717991015343667
2017-11-23,2.603931077705657
2017-11-24,6.111186280410519
2017-11-25,5.783473579889142
2017-11-26,4.968246437484025
2017-11-27,2.390446176296779
2017-11-28,-1.7210654184397933
2017-11-29,3.371142813682637
2017-11-30,6.760450694340269
2017-12-01,0.8939375100856295
2017-12-02,2.1954975770932084
2017-12-03,2.865181985416232
2017-12-04,2.1776162506972896
2017-12-05,16.616868800948115
2017-12-06,20.15787625621328
2017-12-07,-8.028647970132251
2017-12-08,-9.165778401988312
2017-12-09,1.7935491045618313
2017-12-10,8.746636450167111
2017-12-11,2.7481401440109243
2017-12-12,-6.138401651803749
2017-12-13,0.940598775959911
2017-12-14,6.4545480316256505
2017-12-15,9.183275534829416
2017-12-16,-1.86303391091307
2017-12-17,-0.13917173403688032
2017-12-18,-7.523893966711603
2017-12-19,-6.930089364229275
2017-12-20,-5.19967346777348
2017-12-21,-14.250499673003558
2017-12-22,5.901003994092202
2017-12-23,-5.553723315515913
2017-12-24,0.7186332218403702
2017-12-25,12.87717996784582
2017-12-26,-1.649776207895326
2017-12-27,-8.434601033786326
2017-12-28,0.33910696258362405
2017-12-29,-13.156065952537466
2017-12-30,8.506401077140879
2017-12-31,-3.655216209570078
2018-01-01,8.843215895010125
2018-01-02,1.4400394094138513
2018-01-03,2.5526962301064438
2018-01-04,10.501160702759693
2018-01-05,0.5562845894904966
2018-01-06,-6.368648440929103
2018-01-07,-8.618928244821644
2018-01-08,-3.937536507180339
2018-01-09,2.523821862861486
2018-01-10,-11.692700344905237
2018-01-11,4.111410245251967
2018-01-12,2.6434212669361745
2018-01-13,-4.2709860246333164
2018-01-14,0.3458791398069816
2018-01-15,-20.271526954331833
2018-01-16,-2.6982857655576176
2018-01-17,2.495017573171332
2018-01-18,1.1415131342157991
2018-01-19,10.014572881479378
2018-01-20,-11.199046815835878
2018-01-21,-6.117232878264067
2018-01-22,-0.5796621189475548
2018-01-23,4.322411246329749
2018-01-24,-0.8881467620892369
2018-01-25,-0.7877257722662012
2018-01-26,2.3538752007314923
2018-01-27,2.9322146483797384
2018-01-28,-4.33677452216612
2018-01-29,-11.775829026816599
2018-01-30,1.123164914489272
2018-01-31,-11.455809209027755
2018-02-01,-3.847804988959025
2018-02-02,3.7511011049580323
2018-02-03,-10.848125301893962
2018-02-04,-19.00342822610974
2018-02-05,10.300876714840722
2018-02-06,-1.7411753731414903
2018-02-07,7.7948464809160285
2018-02-08,5.39534941947103
2018-02-09,-1.3347414480702202
2018-02-10,-6.05082383798996
2018-02-11,8.923921167581684
2018-02-12,-3.8177357944972234
2018-02-13,9.440287020798454
2018-02-14,6.607751829565722
2018-02-15,0.6595725717814749
2018-02-16,7.908067249561823
2018-02-17,-5.3156845373035555
2018-02-18,5.999839752331226
2018-02-19,1.5644079339996342
2018-02-20,-6.67233946927781
2018-02-21,-6.850578616941538
2018-02-22,2.8744466183544204
2018-02-23,-4.973257923703489
2018-02-24,-1.5348575340992987
2018-02-25,6.771390252801068
2018-02-26,3.3461944052880166
2018-02-27,-3.1515902868761936
2018-02-28,5.050676736142822
2018-03-01,1.2213196876733612
2018-03-02,3.5100985911889704
2018-03-03,0.1989074130907209
2018-03-04,0.524484773892353
2018-03-05,-7.359988360861847
2018-03-06,-8.171434775825826
2018-03-07,-6.073017070856057
2018-03-08,-0.6153644386309498
2018-03-09,-5.3186307769851116
2018-03-10,7.43978931779391
2018-03-11,-4.057630545500368
2018-03-12,-0.11169848609626776
2018-03-13,-11.185747763567244
2018-03-14,0.3740670235966026
2018-03-15,0.4496004553508959
2018-03-16,-5.323684744510371
2018-03-17,3.7306876768782193
2018-03-18,4.715411755840204
2018-03-19,3.1729432489649545
2018-03-20,0.17706406777299177
2018-03-21,-2.300638636161989
2018-03-22,1.702216858719341
2018-03-23,-2.439975417283713
2018-03-24,-2.0285346160473283
2018-03-25,-3.4884384874142693
2018-03-26,-4.804780132434305
2018-03-27,1.5266861153014566
2018-03-28,-11.007714021753756
2018-03-29,-3.9936053447526376
2018-03-30,1.190355073863647
2018-03-31,-1.8891797186313175
2018-04-01,3.3819395073844682
2018-04-02,4.993355320946213
2018-04-03,-8.787337219156921
2018-04-04,-0.622033534168831
2018-04-05,-2.6392698854838414
2018-04-06,3.9757842213516636
2018-04-07,1.6007667874313736
2018-04-08,-3.7335714138905685
2018-04-09,0.9368256873970027
2018-04-10,1.916675209561347
2018-04-11,11.673228453671136
2018-04-12,0.08497967277817375
2018-04-13,1.1304477549887393
2018-04-14,4.116527488715283
2018-04-15,-3.355894115397362
2018-04-16,-1.9815021243885678
2018-04-17,3.201232824306033
2018-04-18,1.578065628343417
2018-04-19,6.234807846652679
2018-04-20,0.5592665072212566
2018-04-21,-1.0578874269322025
2018-04-22,1.437931352342392
2018-04-23,7.905337635344156
2018-04-24,-9.62903887133173
2018-04-25,4.695028527189793
2018-04-26,-3.2764919226764944
2018-04-27,3.866196921207532
2018-04-28,0.7495382647713322
2018-04-29,-1.9320308554252374
2018-04-30,-1.3328205823471828
2018-05-01,1.265820375652038
2018-05-02,5.212928052751165
2018-05-03,-0.4443011370122596
2018-05-04,1.5965532961403905
2018-05-05,-2.1062123508637676
2018-05-06,-3.0063986500467488
2018-05-07,-1.496395689886354
2018-05-08,0.9689826687320879
2018-05-09,-3.1096982559649433
2018-05-10,-7.136775362947567
2018-05-11,0.7454466393240877
2018-05-12,2.5109156007596334
2018-05-13,-0.08203008897722519
2018-05-14,-2.4253929800109653
2018-05-15,-1.6913929828434648
2018-05-16,-3.3913937164293584
2018-05-17,1.8985635329559436
2018-05-18,-0.045955577616974
2018-05-19,3.125367074853902
2018-05-20,-1.1196089198456827
2018-05-21,-4.690633905631381
2018-05-22,-6.4034334264845505
2018-05-23,0.38906942537398903
2018-05-24,-1.433124314142531
2018-05-25,-1.689264314886274
2018-05-26,0.1674804996515955
2018-05-27,-3.254348350283154
2018-05-28,4.5044571749984215
2018-05-29,-0.892049492130198
2018-05-30,1.1695745260313029
2018-05-31,0.6269387480260513
2018-06-01,1.3344758897304465
2018-06-02,0.9947839083902732
2018-06-03,-2.738447013200762
2018-06-04,1.5626579096504112
2018-06-05,0.2641790923852305
2018-06-06,0.31596112085212624
2018-06-07,-0.6992901308645827
2018-06-08,-1.2339377115612837
2018-06-09,-10.99259888403672
2018-06-10,1.7504170268551444
2018-06-11,-4.930755311696977
2018-06-12,-3.6608444938116103
2018-06-13,4.875402646323634
2018-06-14,-3.38832658906294
2018-06-15,1.4286685499698581
2018-06-16,-0.7830131163317988
2018-06-17,3.4974922987612955
2018-06-18,0.5187655650044753
2018-06-19,0.09754024498835889
2018-06-20,-0.6955628104841294
2018-06-21,-10.61938230236985
2018-06-22,1.2785443411129194
2018-06-23,0.17413898451882348
2018-06-24,1.2153625463840134
2018-06-25,-2.551996676879398
2018-06-26,1.03067439123945
2018-06-27,-4.297323999637714
2018-06-28,5.063439737078957
2018-06-29,2.899753206004063
2018-06-30,-0.28469603405187893
2018-07-01,3.452587403026508
2018-07-02,-1.295492275249388
2018-07-03,1.030078786055011
2018-07-04,0.6264415447601146
2018-07-05,0.5148702072563127
2018-07-06,2.67510636799434
2018-07-07,-1.2260372844737688
2018-07-08,-0.47658075147403167
2018-07-09,-6.505577326539624
2018-07-10,1.0127084108675688
2018-07-11,-2.6634285005185054
2018-07-12,0.14811914593575448
2018-07-13,0.6065899279993459
2018-07-14,1.3132821627599545
2018-07-15,5.66781419188267
2018-07-16,7.912674100559647
2018-07-17,0.6748233910599089
2018-07-18,1.2867534664401492
2018-07-19,-1.532879922779351
2018-07-20,0.878253254784922
2018-07-21,-0.010781232598966461
2018-07-22,3.7947796632965325
2018-07-23,8.465537164062354
2018-07-24,-2.968681244537974
2018-07-25,-2.8901181442662294
2018-07-26,2.6139550793747635
2018-07-27,0.331300375430843
2018-07-28,0.3201277421505999
2018-07-29,-0.4642756972626172
2018-07-30,-5.141612069178136
2018-07-31,-2.0397589213397405
2018-08-01,-0.7633026258454301
2018-08-02,-1.7857519336965444
2018-08-03,-5.709492360662094
2018-08-04,0.5040671107642725
2018-08-05,-1.6784167993815657
2018-08-06,-2.9420428491170547
2018-08-07,-7.0937918480614925
2018-08-08,3.9954474274136342
2018-08-09,-6.201099517253916
2018-08-10,1.7634177430681963
2018-08-11,0.4264001744090584
2018-08-12,-0.3988858859634181
2018-08-13,-1.5784587327122734
2018-08-14,1.7248111800687416
2018-08-15,0.41375024694518814
2018-08-16,3.7367228779421113
2018-08-17,-2.442029635462828
2018-08-18,1.2651271937991204
2018-08-19,-3.1313165791386988
2018-08-20,2.7775720935692583
2018-08-21,-1.7571726701370416
2018-08-22,2.4203952438514698
2018-08-23,2.7541842392045934
2018-08-24,0.6391951260171336
2018-08-25,-0.8338751999422245
2018-08-26,2.576465400823258
2018-08-27,2.9824028201396513
2018-08-28,-0.6970130920422868
2018-08-29,-0.9877888228702281
2018-08-30,0.8433310455781329
2018-08-31,2.164111102422406
2018-09-01,1.0927165145381168
2018-09-02,-0.17438087492147591
2018-09-03,1.380124802012117
2018-09-04,-8.373977732150362
2018-09-05,-4.038187999467535
2018-09-06,-0.9602509226618983
2018-09-07,-3.8723196108293445
2018-09-08,1.1884073672050466
2018-09-09,0.4556350402284082
2018-09-10,-0.13446813480615383
2018-09-11,0.48174706879801077
2018-09-12,2.539548562493321
2018-09-13,-0.07063261965971623
2018-09-14,0.46598351670247284
2018-09-15,-0.3992527263239509
2018-09-16,-3.756925000493627
2018-09-17,1.4141480096213965
2018-09-18,0.4257257782041002
2018-09-19,1.8579143463395509
2018-09-20,3.196464223110873
2018-09-21,-0.19295229800500024
2018-09-22,-0.169136099806666
2018-09-23,-1.7469683284718096
2018-09-24,-2.3104107587947675
2018-09-25,0.7471868384334113
2018-09-26,2.7221327741790535
2018-09-27,-0.49096146166383026
2018-09-28,-0.6387485250518132
2018-09-29,0.35619777720736767
2018-09-30,-0.5454023261903806
2018-10-01,-0.5112798619903991
2018-10-02,-0.8229067985532135
2018-10-03,1.1267080904897475
2018-10-04,0.6914334085953544
2018-10-05,-0.5186447142151218
2018-10-06,0.22172114412044586
2018-10-07,0.7408009840450203
2018-10-08,-0.14436795540060388
2018-10-09,-0.8672096767556425
2018-10-10,-5.263377658868729
2018-10-11,0.2922879861544492
2018-10-12,0.18151724429356086
2018-10-13,0.07852481697011582
2018-10-14,4.632881199409555
2018-10-15,-0.006521658828706478
2018-10-16,-0.7896743660166017
2018-10-17,-1.0455959160157846
2018-10-18,-0.17477320718124467
2018-10-19,0.36645229020830783
2018-10-20,-0.1055148772737935
2018-10-21,0.07414736923236909
2018-10-22,-0.1763492892191687
2018-10-23,0.3094227976439212
2018-10-24,-0.3018673433336616
2018-10-25,-0.02378530541720103
2018-10-26,0.08687581460203875
2018-10-27,0.09265945741109283
2018-10-28,-2.428063170462136
2018-10-29,0.025893066031168477
2018-10-30,-0.2637097986507575
2018-10-31,0.94343053385193
2018-11-01,0.16686634527010025
2018-11-02,-0.42727662102601816
2018-11-03,0.23321540590921508
2018-11-04,0.6780775364739533
2018-11-05,0.6399867957946004
2018-11-06,1.058635337778313
2018-11-07,-1.1841220153800958
2018-11-08,-1.0664602091338349
2018-11-09,0.3682210450749124
2018-11-10,0.031971897631133395
2018-11-11,-0.6278183137330418
2018-11-12,-0.18523159439063352
2018-11-13,-10.824368087482949
2018-11-14,-1.59914724135084
2018-11-15,-1.2999611340179351
2018-11-16,-0.38203935063332306
2018-11-17,1.2307187368943873
2018-11-18,-15.437777117580254
2018-11-19,-9.425704392575529
2018-11-20,3.2658464863084657
2018-11-21,-5.410747368014901
2018-11-22,-0.4331631524671531
2018-11-23,-12.016972251365509
2018-11-24,3.2222176694965077
2018-11-25,-6.108286696905729
2018-11-26,1.0885405946924553
2018-11-27,10.257384969898597
2018-11-28,0.5007601210442303
2018-11-29,-6.511342755384897
2018-11-30,4.683717408309517
2018-12-01,-1.8066703072606272
2018-12-02,-6.310703959032904
2018-12-03,1.5861668936303697
2018-12-04,-5.404880204766238
2018-12-05,-6.614209960275086
2018-12-06,-2.9580820703047905
2018-12-07,1.6160999949010324
2018-12-08,3.8215459921923323
2018-12-09,-3.185536031913272
2018-12-10,-2.279628031798131
2018-12-11,1.7884413901497087
2018-12-12,-5.229023116931764
2018-12-13,-2.1956118783683864
2018-12-14,-0.17681698649909539
2018-12-15,0.4942572327704453
2018-12-16,8.263869485953535
2018-12-17,4.063634606591771
2018-12-18,1.3318808969112084
2018-12-19,9.396450075915263
2018-12-20,-6.105351904729761
2018-12-21,2.9305820694836116
2018-12-22,-0.38015673307336684
2018-12-23,1.9521138047767672
2018-12-24,-6.895794474749262
2018-12-25,1.0838387135382987
2018-12-26,-5.539626129193476
2018-12-27,6.857563205826944
2018-12-28,-2.709396248586282
2018-12-29,1.178078201991517
2018-12-30,-3.293135511631662
2018-12-31,2.623105371269041
2019-01-01,2.5330721099688813
2019-01-02,-2.7801774220930886
2019-01-03,0.5437494632531625
2019-01-04,-0.3256779067470683
2019-01-05,5.677185382797234
2019-01-06,-1.2765492617794472
2019-01-07,0.13891889531374435
2019-01-08,0.11023939512265768
2019-01-09,-9.68684789010461
2019-01-10,0.22891460089679017
2019-01-11,-0.7118904712900331
2019-01-12,-3.0495167422346814
2019-01-13,4.131056739826578
2019-01-14,-2.076113864298934
2019-01-15,0.6657044449140948
2019-01-16,0.6403892696004942
2019-01-17,-0.56658063301811
2019-01-18,1.896948026402978
2019-01-19,-3.542188370353627
2019-01-20,-0.6985731079495183
2019-01-21,0.7919008682266249
2019-01-22,-0.5426341385815769
2019-01-23,0.43718466392458355
2019-01-24,-0.030546691506416757
2019-01-25,0.07479832509220685
2019-01-26,-0.5160380939301934
2019-01-27,-3.270912028274431
2019-01-28,-0.647701236953746
2019-01-29,1.0918736081347968
2019-01-30,-0.821012659711462
2019-01-31,0.8644799499167855
2019-02-01,0.9404972103896347
2019-02-02,-1.6468574522403578
2019-02-03,-0.14047871028348702
2019-02-04,0.20780803200405318
2019-02-05,-1.540514831335904
2019-02-06,-0.42054012873669055
2019-02-07,7.290008503820323
2019-02-08,0.12048745615056422
2019-02-09,0.514462080113609
2019-02-10,-1.1445350673837007
2019-02-11,0.13953361252529994
2019-02-12,-0.5907927028913962
2019-02-13,-0.4199667574410926
2019-02-14,0.10853733783539044
2019-02-15,0.24730941960409147
2019-02-16,1.1989806242450385
2019-02-17,6.177114872802559
2019-02-18,0.7950183886622053
2019-02-19,1.3182109915209184
2019-02-20,-1.1558175725120412
2019-02-21,1.2834379160092335
2019-02-22,3.3071661070769975
2019-02-23,-8.715540870033657
2019-02-24,1.8613044505104703
2019-02-25,-0.7352295652559571
2019-02-26,-0.08596484443597063
2019-02-27,0.09697134136172902
2019-02-28,0.12432272925522181
2019-03-01,0.12502018492550615
2019-03-02,-0.4481016411186367
2019-03-03,-2.2761491959220947
2019-03-04,3.460084593853263
2019-03-05,0.193845752262789
2019-03-06,0.19281038408532902
2019-03-07,-0.2653789793939376
2019-03-08,1.568942891939884
2019-03-09,-0.29643353633284075
2019-03-10,-1.1874483888312914
2019-03-11,0.10050647318394779
2019-03-12,-0.06243003180743667
2019-03-13,0.44980109760873743
2019-03-14,0.9225653129347755
2019-03-15,2.168946501964808
2019-03-16,-0.5837388667594423
2019-03-17,0.1804911864334957
2019-03-18,0.9501609987529691
2019-03-19,0.39843980843017324
2019-03-20,-1.443154537808522
2019-03-21,-0.13316811241042004
2019-03-22,0.29382220825497907
2019-03-23,-0.33957314567867325
2019-03-24,-1.491208783829867
2019-03-25,0.5523163758184735
2019-03-26,2.495319319956013
2019-03-27,-0.44134950470877676
2019-03-28,0.7141205348776491
2019-03-29,0.2017611444823375
2019-03-30,-0.030590394616081262
2019-03-31,1.2692757210315375
2019-04-01,14.789198308183217
2019-04-02,1.8729867569637682
2019-04-03,-1.0202152532480913
2019-04-04,2.26105883565324
2019-04-05,0.4572542587671369
2019-04-06,2.675174956827253
2019-04-07,1.7179198022864606
2019-04-08,-1.6294558364615241
2019-04-09,2.2460719166317755
2019-04-10,-5.1350496925830935
2019-04-11,0.49221096888378835
2019-04-12,0.13827614588464154
2019-04-13,1.3765396024659204
2019-04-14,-1.9856249683206872
2019-04-15,3.2174435151149594
2019-04-16,0.3118547478149103
2019-04-17,0.876639719460548
2019-04-18,0.102318055408257
2019-04-19,0.6383375178409811
2019-04-20,-0.439455134801392
2019-04-21,1.5711844021016663
2019-04-22,3.1045553187913466
2019-04-23,-1.9670306959933326
2019-04-24,-4.8814952784783205
2019-04-25,1.3038071679844054
2019-04-26,-0.20988075399510642
2019-04-27,0.3187833663541917
2019-04-28,-0.7201082986602714
2019-04-29,1.9319623649241557
2019-04-30,0.9619399453614896
2019-05-01,1.8634176099114996
2019-05-02,4.559512088629091
2019-05-03,1.0783077299375665
2019-05-04,-0.611814489960949
2019-05-05,-0.8509310664269076
2019-05-06,1.4185490206359619
2019-05-07,2.5567428467003106
2019-05-08,3.1107035859185506
2019-05-09,3.203090535945552
2019-05-10,11.463546971231898
2019-05-11,-3.3331542877415687
2019-05-12,10.781223504284243
2019-05-13,2.2453294425967774
2019-05-14,2.5685269811375533
2019-05-15,-4.061667443012862
2019-05-16,-7.366848715364549
2019-05-17,-0.9996619533081841
2019-05-18,11.30173874736522
2019-05-19,-2.749710105714498
2019-05-20,-0.1881304650008575
2019-05-21,-3.6882653805992316
2019-05-22,2.560063417086167
2019-05-23,1.3211467785115172
2019-05-24,0.8093388092490716
2019-05-25,7.15619082770198
2019-05-26,1.5054035563695112
2019-05-27,-0.9841373975682854
2019-05-28,-0.6983624693607915
2019-05-29,-4.086973567754493
2019-05-30,2.974275337147181
2019-05-31,-0.12243497473587439
2019-06-01,2.0466918186053507
2019-06-02,-6.504607238796134
2019-06-03,-6.502841370712331
2019-06-04,1.4884586432897695
2019-06-05,-0.02822808995834869
2019-06-06,2.758939352478318
2019-06-07,-1.1292657470626022
2019-06-08,-3.4605633647168954
2019-06-09,3.9029947191506653
2019-06-10,-0.915966836329174
2019-06-11,2.6779632285294563
2019-06-12,1.0334976732420786
2019-06-13,5.324569488182229
2019-06-14,1.6353910327124632
2019-06-15,1.735654951882426
2019-06-16,3.496265366001672
2019-06-17,-2.6271314474352714
2019-06-18,2.0678098323877903
2019-06-19,2.6622694246260625
2019-06-20,6.08598784793184
2019-06-21,5.206044021224743
2019-06-22,1.4157018325101856
2019-06-23,1.4143129151693357
2019-06-24,6.613687923014766
2019-06-25,9.413742051784658
2019-06-26,-16.395032692660692
2019-06-27,9.869369075807931
2019-06-28,-3.7456897523157062
2019-06-29,-10.559299477907235
2019-06-30,-2.2112588849630743
2019-07-01,2.0232317064460603
2019-07-02,9.694554527389021
2019-07-03,-6.6500484822816786
2019-07-04,-2.158568140756456
2019-07-05,2.0528150766591757
2019-07-06,2.115964916963786
2019-07-07,6.797282943617111
2019-07-08,2.28931751755882
2019-07-09,-3.432726269009767
2019-07-10,-7.024159872481683
2019-07-11,3.8703854765086643
2019-07-12,-3.7183403515713698
2019-07-13,-11.079502931003816
2019-07-14,5.865314184321136
2019-07-15,-14.955706300962234
2019-07-16,2.229889948616093
2019-07-17,9.119029582847404
2019-07-18,-1.289084125981721
2019-07-19,2.1956362997187173
2019-07-20,-1.5853618985387508
2019-07-21,-2.475069021004983
2019-07-22,-4.467722968922283
2019-07-23,-0.9054470942368109
2019-07-24,1.0080469167345063
2019-07-25,-0.4208389848376237
2019-07-26,-4.142639025786532
2019-07-27,0.7870168140289291
2019-07-28,-0.35417930866095126
2019-07-29,0.9188552716293374
2019-07-30,4.7414410376461
2019-07-31,3.019721274556042
2019-08-01,1.1266770288148042
2019-08-02,2.805021509824346
2019-08-03,1.3532863267793793
2019-08-04,7.07685315951565
2019-08-05,-2.853106419327789
2019-08-06,3.8837800901756703
2019-08-07,0.2042256802714526
2019-08-08,-0.872218298737204
2019-08-09,-4.482217853474824
2019-08-10,1.471371750092898
2019-08-11,-1.238405020539557
2019-08-12,-4.467636970493838
2019-08-13,-8.397839491030012
2019-08-14,2.519911169811828
2019-08-15,0.605272003872992
2019-08-16,-1.393650237952393
2019-08-17,1.1025371645187798
2019-08-18,5.223894817328867
2019-08-19,-1.4198456659907155
2019-08-20,-6.166695066919448
2019-08-21,-0.06903664195441195
2019-08-22,2.660550682526419
2019-08-23,-2.440992714200574
2019-08-24,-0.2115038930471158
2019-08-25,2.2399648954963047
2019-08-26,-1.8194522851111783
2019-08-27,-4.4192993783168655
2019-08-28,-2.568007520707871
2019-08-29,0.9165663634338017
2019-08-30,0.3373623476444432
2019-08-31,1.30464257885331
2019-09-01,5.690573636846452
2019-09-02,2.6053396123823958
2019-09-03,-0.2741695572425318
2019-09-04,-0.1792813711926744
2019-09-05,-2.1464693388338008
2019-09-06,1.5588872787083763
2019-09-07,-0.7276745960270503
2019-09-08,-1.028563318540443
2019-09-09,-2.164882878344798
2019-09-10,0.6130300989584891
2019-09-11,2.2262445391497354
2019-09-12,-0.47854692153979084
2019-09-13,-0.024116963691245275
2019-09-14,-0.09988620296339512
2019-09-15,-0.6900882287792509
2019-09-16,-0.34684639541118223
2019-09-17,-0.42188044323636653
2019-09-18,0.6639804832371587
2019-09-19,-0.8326107008813866
2019-09-20,-1.6160616908653669
2019-09-21,0.5032155485187206
2019-09-22,-3.505570908179889
2019-09-23,-12.861774508182421
2019-09-24,-1.5738582511543031
2019-09-25,-4.53290862699387
2019-09-26,1.610281317271589
2019-09-27,-0.07192244929041802
2019-09-28,-1.748843130105171
2019-09-29,2.287022333070099
2019-09-30,0.5921918554599559
2019-10-01,0.5929390684131342
2019-10-02,-1.6107739773512986
2019-10-03,-0.658702573712211
2019-10-04,-0.6678398035062649
2019-10-05,-2.044836523409943
2019-10-06,3.1224721733287053
2019-10-07,-0.20464561204631693
2019-10-08,4.269056779804858
2019-10-09,-0.10792092259024333
2019-10-10,-3.181020571663673
2019-10-11,0.17751729516778392
2019-10-12,-0.1868740985199624
2019-10-13,0.6409871451578342
2019-10-14,-2.0634950105316463
2019-10-15,-1.9613763084119107
2019-10-16,0.695766234595685
2019-10-17,-1.639285230706422
2019-10-18,0.192187657008569
2019-10-19,2.8401284270818117
2019-10-20,0.26253410206869
2019-10-21,-2.0489405324900067
2019-10-22,-7.499079924896912
2019-10-23,-0.28268682479222207
2019-10-24,13.477102306496992
2019-10-25,6.31989387813393
2019-10-26,3.2113834271414787
2019-10-27,-3.1931899995526702
2019-10-28,1.8195242735824624
2019-10-29,-2.4111180795242104
2019-10-30,-0.06675955044253001
2019-10-31,0.664278556644049
2019-11-01,0.6822006069846953
2019-11-02,-0.9676215604457417
2019-11-03,1.8831946622482776
2019-11-04,-0.7501713225852802
2019-11-05,0.19605570515007775
2019-11-06,-1.00693541811403
2019-11-07,-5.254820269031368
2019-11-08,0.0987245803595882
2019-11-09,2.6717865547184583
2019-11-10,-3.3996972560695227
2019-11-11,0.6564909444062517
2019-11-12,-0.08400537448136625
2019-11-13,-1.1502857042247738
2019-11-14,-2.544780238735944
2019-11-15,0.6872903646753858
2019-11-16,0.3172641782125729
2019-11-17,-3.2336045338958064
2019-11-18,-1.2568705356468257
2019-11-19,-2.228372591104111
2019-11-20,-5.031148034493471
2019-11-21,-4.744311381533151
2019-11-22,1.3682348946793654
2019-11-23,-4.964301980291985
2019-11-24,1.3744046749492034
2019-11-25,1.0007424632137107
2019-11-26,4.159671729645032
2019-11-27,-0.9186204454582292
2019-11-28,3.8413649753473167
2019-11-29,-2.5313492534995152
2019-11-30,-1.957592628874627
2019-12-01,-1.3972188330419577
2019-12-02,-0.025174000100580685
2019-12-03,-0.9391962802465015
2019-12-04,2.6351348427908095
2019-12-05,1.3076587987163046
2019-12-06,0.12229910162566693
2019-12-07,0.1071794272304083
2019-12-08,-2.2084586161336794
2019-12-09,-1.6869712428002615
2019-12-10,-0.8409143693876242
2019-12-11,0.35491584534627085
2019-12-12,0.3652193257073999
2019-12-13,-2.035331661290418
2019-12-14,0.38628025806268784
2019-12-15,-3.1708894104123697
2019-12-16,-4.396727151735957
2019-12-17,8.744054509688459
2019-12-18,-1.0267957163460517
2019-12-19,0.22125743432014344
2019-12-20,-0.384607210473642
2019-12-21,4.265810888305788
2019-12-22,-2.120287218937822
2019-12-23,-0.45197740866462777
2019-12-24,-0.6512089417114675
2019-12-25,-0.4999189229514478
2019-12-26,0.7012477678483231
2019-12-27,0.3812775717803807
2019-12-28,1.4100430132552577
2019-12-29,-1.7778390463773164
2019-12-30,-1.3817283173632955
2019-12-31,0.09131994620626971
2020-01-01,-3.0735812330323187
2020-01-02,4.893393128175749
2020-01-03,0.8875388951391949
2020-01-04,0.008913995948711673
2020-01-05,4.6066643827639915
2020-01-06,4.832043223012139
2020-01-07,-1.037512541880048
2020-01-08,-2.548415879736776
2020-01-09,3.5202473790445388
2020-01-10,-1.6051757145138845
2020-01-11,1.8914452706209506
2020-01-12,-0.5930581061206919
2020-01-13,7.743413420304435
2020-01-14,-0.23565210555023253
2020-01-15,-0.9539964426909853
2020-01-16,2.2987017319172964
2020-01-17,0.15398415014857836
2020-01-18,-2.7171699553402817
2020-01-19,-0.561383062697729
2020-01-20,1.0090672007267654
2020-01-21,-0.7489861030504752
2020-01-22,-3.2636631370384306
2020-01-23,0.46082821420828646
2020-01-24,-0.9272027557116092
2020-01-25,2.663568080258505
2020-01-26,3.5128575116003424
2020-01-27,4.79527915321778
2020-01-28,-0.4503770297337617
2020-01-29,2.0229616104573744
2020-01-30,-1.6947047825459416
2020-01-31,0.4508279214298083
2020-02-01,-0.5191338780995869
2020-02-02,-0.5470880987952897
2020-02-03,-1.225999877038353
2020-02-04,4.498511094817159
2020-02-05,1.1960976449911231
2020-02-06,0.6751937933491714
2020-02-07,0.7012158724483242
2020-02-08,2.4865355132895783
2020-02-09,-2.638457491551227
2020-02-10,3.4445225276694247
2020-02-11,1.1409813616193865
2020-02-12,-1.0933096866253544
2020-02-13,0.9477814846707844
2020-02-14,-4.274175845390404
2020-02-15,0.45305843194539674
2020-02-16,-2.521026018507455
2020-02-17,4.455272033711932
2020-02-18,-5.279652834968873
2020-02-19,-0.25926207117557
2020-02-20,0.8048964221493593
2020-02-21,-0.24070504405313553
2020-02-22,2.6332165140301234
2020-02-23,-2.8428585581604215
2020-02-24,-3.3020709172764118
2020-02-25,-5.908749957789983
2020-02-26,-0.4101354014897973
2020-02-27,-1.2918955646435304
2020-02-28,-0.8482611141147789
2020-02-29,-0.4327577942080607
2020-03-01,3.4636668897319756
2020-03-02,-0.9317908722966672
2020-03-03,-0.3716633286382276
2020-03-04,3.5634437469054703
2020-03-05,0.4799450023320717
2020-03-06,-2.386003277365023
2020-03-07,-9.889324101489262
2020-03-08,-2.3281165499028145
2020-03-09,-0.17592307140521513
2020-03-10,0.021496537995824294
2020-03-11,-59.15846821478689
2020-03-12,10.656904505974474
2020-03-13,-6.986831418685768
2020-03-14,3.5596720991725284
2020-03-15,-7.534878240797771
2020-03-16,4.040650381434874
2020-03-17,0.24452099778511371
2020-03-18,15.388866319761963
2020-03-19,0.12237006756465885
2020-03-20,-0.2216938859159967
2020-03-21,-6.085694889317428
2020-03-22,9.133904179356012
2020-03-23,4.728998545481222
2020-03-24,-0.8043738361771524
2020-03-25,0.5267290282197301
2020-03-26,-3.8122067626872314
2020-03-27,-3.646225954244575
2020-03-28,-5.406088415697963
2020-03-29,7.897532228114812
2020-03-30,0.1367171977312287
2020-03-31,2.5448392164827194
2020-04-01,2.750345477718763
2020-04-02,-0.8946062781685526
2020-04-03,1.9532523134520696
2020-04-04,-1.1249667732773805
2020-04-05,6.609822806052501
2020-04-06,-1.3288906116546428
2020-04-07,2.1500131089835173
2020-04-08,-0.43835778755263455
2020-04-09,-6.359283753884104
2020-04-10,-0.09345500328103995
2020-04-11,1.6067610688000333
2020-04-12,-1.8415413709621076
2020-04-13,-0.03814235798411669
2020-04-14,-3.015877111595855
2020-04-15,6.670049121059273
2020-04-16,-0.29057345820053815
2020-04-17,2.2249644738476237
2020-04-18,-0.9491751597500153
2020-04-19,-4.467715240774406
2020-04-20,-0.02376710873441823
2020-04-21,3.3283317465970352
2020-04-22,4.206307854929225
2020-04-23,1.6047922158501704
2020-04-24,0.2514572931871184
2020-04-25,1.4314199667759597
2020-04-26,1.4846050434969005
2020-04-27,0.14675846727245645
2020-04-28,11.293889226268695
2020-04-29,-1.645590935354635
2020-04-30,2.3262077829398597
2020-05-01,1.3776352698617766
2020-05-02,-1.0242006153435401
2020-05-03,0.17038186795065302
2020-05-04,1.0042797899674882
2020-05-05,2.8665253710485006
2020-05-06,6.860830658009465
2020-05-07,-1.1059253548753922
2020-05-08,-2.59299786749998
2020-05-09,-9.564009040231024
2020-05-10,-1.7977032639554746
2020-05-11,2.3020291632952605
2020-05-12,5.021687196805635
2020-05-13,4.764204178631171
2020-05-14,-4.347296723203775
2020-05-15,0.5205965135405277
2020-05-16,3.037260938456321
2020-05-17,0.5740554756304084
2020-05-18,0.02531484205575696
2020-05-19,-2.1637828636789758
2020-05-20,-4.8583054722914465
2020-05-21,1.0978990762375962
2020-05-22,0.29003288333044885
2020-05-23,-4.765658701590669
2020-05-24,1.3087151963429133
2020-05-25,-0.8135982670236519
2020-05-26,3.768262513452836
2020-05-27,3.618962948807858
2020-05-28,-0.9177435629609709
2020-05-29,2.6935967617361722
2020-05-30,-2.5299015578248207
2020-05-31,6.945916271798591
2020-06-01,-6.689170764539165
2020-06-02,1.3142567223938029
2020-06-03,1.4684652583557445
2020-06-04,-1.3977864726730127
2020-06-05,-0.12278753810681664
2020-06-06,1.0777173970148324
2020-06-07,0.12932234193366865
2020-06-08,0.24715882496675334
2020-06-09,0.7537367503656189
2020-06-10,-5.882067620525855
2020-06-11,1.6777251497262613
2020-06-12,-0.05874663134448621
2020-06-13,-0.9427000695271692
2020-06-14,0.6762890364772178
2020-06-15,0.9155173213464929
2020-06-16,-0.6093668573693645
2020-06-17,-0.7268935355594808
2020-06-18,-1.3331397315362814
2020-06-19,0.47493192199463685
2020-06-20,-0.3085993086745731
2020-06-21,3.5765155404898663
2020-06-22,-0.19792571979673212
2020-06-23,-3.3933978299776957
2020-06-24,-0.52669031193604
2020-06-25,-1.1120421263184133
2020-06-26,-1.299306449244697
2020-06-27,1.0738833633734735
2020-06-28,0.5143423930569546
2020-06-29,-0.5784785256011116
2020-06-30,0.9788561774555116
2020-07-01,-1.1499542086313763
2020-07-02,-0.3973284756516149
2020-07-03,0.49476735059457155
2020-07-04,-0.6452090609302852
2020-07-05,3.2161809308403733
2020-07-06,-1.3315345081848617
2020-07-07,1.8673042617037061
2020-07-08,-1.6206699359906152
2020-07-09,0.009051203394327967
2020-07-10,-0.41622829568230824
2020-07-11,0.3897301817765375
2020-07-12,-0.35576714118836783
2020-07-13,-0.004331725206774273
2020-07-14,-0.5480022499685377
2020-07-15,-0.6636866497330196
2020-07-16,0.20942210596790467
2020-07-17,0.08349631516931799
2020-07-18,0.29150746889550216
2020-07-19,-0.2355455296913167
2020-07-20,2.2470269175099533
2020-07-21,1.579735927066428
2020-07-22,0.5814483267689408
2020-07-23,-0.4632503421642342
2020-07-24,1.4489930938050066
2020-07-25,2.302371187859553
2020-07-26,9.878251254991932
2020-07-27,-0.7152118471576596
2020-07-28,1.6904200352620968
2020-07-29,0.096713949334859
2020-07-30,1.8744518219992234
2020-07-31,3.7086826471373957
2020-08-01,-6.386856815869324
2020-08-02,1.7137506695966698
2020-08-03,-0.36102483051170253
2020-08-04,4.606528033907531
2020-08-05,0.2780272195918476
2020-08-06,-1.5368805886375458
2020-08-07,1.298048718763145
2020-08-08,-0.6706782234161546
2020-08-09,1.7037394643146908
2020-08-10,-4.09784757049112
2020-08-11,1.505482647562295
2020-08-12,1.6904344649607994
2020-08-13,-0.12972018676122854
2020-08-14,0.8160257109289915
2020-08-15,0.22791487532137777
2020-08-16,2.9507651427564174
2020-08-17,-2.194677866471939
2020-08-18,-1.9811582293798535
2020-08-19,1.0109875871596619
2020-08-20,-2.46610375167986
2020-08-21,0.7647429747180912
2020-08-22,-0.1455444559826935
2020-08-23,0.9320748639027432
2020-08-24,-3.5936661488065624
2020-08-25,1.063933239511039
2020-08-26,-1.4568579870271714
2020-08-27,1.8982242933723192
2020-08-28,-0.30968265378259474
2020-08-29,1.7473468182248042
2020-08-30,-0.262700273217642
2020-08-31,2.419771296084039
2020-09-01,-4.875089098013685
2020-09-02,-11.40754942435478
2020-09-03,2.5354007865220796
2020-09-04,-3.3653948183521187
2020-09-05,1.0776302640428281
2020-09-06,0.8603246825590882
2020-09-07,-2.3495680297586308
2020-09-08,1.0820864357193538
2020-09-09,1.1655833184286202
2020-09-10,0.3632023436940357
2020-09-11,0.3950889118389478
2020-09-12,-1.1470151045364751
2020-09-13,3.3432024238793545
2020-09-14,1.075426566274229
2020-09-15,1.6214636676017746
2020-09-16,-0.23668884990999395
2020-09-17,-0.040241786214223474
2020-09-18,1.3498833821525946
2020-09-19,-1.4268725688098893
2020-09-20,-4.549798317128317
2020-09-21,0.7230676549984327
2020-09-22,-2.852509436866524
2020-09-23,4.775805867833793
2020-09-24,-0.6298643334001319
2020-09-25,0.5395621533833883
2020-09-26,0.22779846356801858
2020-09-27,-0.6126920407299119
2020-09-28,1.2447464689499532
2020-09-29,-0.5577399330762844
2020-09-30,-1.554120308591278
2020-10-01,-0.41109723376189233
2020-10-02,-0.25258011723754414
2020-10-03,1.1270722216786488
2020-10-04,1.1466037179322486
2020-10-05,-1.781651789792571
2020-10-06,0.6051428353841648
2020-10-07,2.2602043253768134
2020-10-08,1.344597817918003
2020-10-09,2.0529028204429034
2020-10-10,0.7714240274119377
2020-10-11,1.48140423159836
2020-10-12,-1.1330737519723133
2020-10-13,0.031562358085801545
2020-10-14,0.5727774767615768
2020-10-15,-1.5299830410146598
2020-10-16,0.31676522196092405
2020-10-17,1.090776735357546
2020-10-18,2.2030055940503557
2020-10-19,1.4626800281618446
2020-10-20,7.075611862749742
2020-10-21,1.0967402227885614
2020-10-22,-0.26564926956078594
2020-10-23,1.3466783325148168
2020-10-24,-0.5900364225750021
2020-10-25,0.33708132030836335
2020-10-26,4.240233101033331
2020-10-27,-2.885429626758196
2020-10-28,1.239761192849742
2020-10-29,0.8019744458459432
2020-10-30,1.701420356484773
2020-10-31,-0.3194685358432592
2020-11-01,-1.3772205094358947
2020-11-02,2.865970631793613
2020-11-03,1.297651420073187
2020-11-04,9.28212870128149
2020-11-05,-0.08973326703247686
2020-11-06,-4.935547385726324
2020-11-07,4.1720382785346395
2020-11-08,-0.960402581073172
2020-11-09,-0.27083480756404654
2020-11-10,2.6140285102062566
2020-11-11,3.532758432003502
2020-11-12,0.25410791842406244
2020-11-13,-1.5538198105796264
2020-11-14,-0.7054004028026473
2020-11-15,4.549643290664218
2020-11-16,5.266497742861542
2020-11-17,0.8908085664973364
2020-11-18,0.07343502496615084
2020-11-19,4.318839099138017
2020-11-20,0.11220742385689153
2020-11-21,-1.4819294491348112
2020-11-22,-0.03202363644292383
2020-11-23,3.8903316378108954
2020-11-24,-2.0037439867139906
2020-11-25,-9.221227955115975
2020-11-26,-0.2467834358619969
2020-11-27,3.437362340811412
2020-11-28,2.530990003945477
2020-11-29,7.379821002847409
2020-11-30,-4.376099431450786
2020-12-01,2.073287051649797
2020-12-02,1.256372511009396
2020-12-03,-3.987391218974179
2020-12-04,2.372660413016625
2020-12-05,0.9867636603302143
2020-12-06,-0.7997769209906469
2020-12-07,-4.751266093885298
2020-12-08,1.2545679530885812
2020-12-09,-1.5818447944518255
2020-12-10,-1.1411981991657383
2020-12-11,3.9606762813747975
2020-12-12,1.7695109632788864
2020-12-13,0.5417137443397668
2020-12-14,0.8777410106258099
2020-12-15,8.885351386753182
2020-12-16,6.553623455763979
2020-12-17,1.4383239258807357
2020-12-18,3.0660923495056225
2020-12-19,-1.6719861069226294
2020-12-20,-2.9566744078762586
2020-12-21,4.120363530619542
2020-12-22,-2.330689456063495
2020-12-23,2.0837739037387726
2020-12-24,3.7658612079323306
2020-12-25,6.703648697158782
2020-12-26,-0.6270567074170286
2020-12-27,2.999887073458929
2020-12-28,1.0146351407837817
2020-12-29,5.126445088662446
2020-12-30,0.5543380676294785
2020-12-31,1.2678889803070081
2021-01-01,8.569403630981542
2021-01-02,1.9973015412648731
2021-01-03,-2.533815690284813
2021-01-04,5.944016487126847
2021-01-05,7.69038033901851
2021-01-06,6.468407985842228
2021-01-07,3.4966911740769158
2021-01-08,-1.3490712035247654
2021-01-09,-4.9485963743255645
2021-01-10,-7.843821855617938
2021-01-11,-4.845376898344345
2021-01-12,9.09359459050927
2021-01-13,4.77442285432671
2021-01-14,-6.413950811335689
2021-01-15,-1.7889989682132734
2021-01-16,-1.080887048356649
2021-01-17,2.289913118905562
2021-01-18,-1.5532923898647022
2021-01-19,-1.4686012124536685
2021-01-20,-15.318552055350532
2021-01-21,6.605096766367136
2021-01-22,-2.9254384332727312
2021-01-23,0.6867159903223841
2021-01-24,0.23794332868301016
2021-01-25,0.624679062661182
2021-01-26,-7.023082041584794
2021-01-27,9.064548882900503
2021-01-28,2.4777931006221388
2021-01-29,-0.13674914778276648
2021-01-30,-3.4884083047431735
2021-01-31,1.2607394522659465
2021-02-01,5.556455138332483
2021-02-02,5.235365279679516
2021-02-03,-1.4786937538724176
2021-02-04,3.1937718428054263
2021-02-05,2.8566769985054807
2021-02-06,-0.9319749086304618
2021-02-07,15.786973012257855
2021-02-08,0.612379206840008
2021-02-09,-3.4794859229736685
2021-02-10,6.243352413156067
2021-02-11,-0.8514508633246543
2021-02-12,-0.8477477259331012
2021-02-13,3.3084218529324083
2021-02-14,-1.6106570549705435
2021-02-15,2.5504385928348583
2021-02-16,5.655211560982176
2021-02-17,-0.9079194692558579
2021-02-18,7.529927599511355
2021-02-19,0.3768066473942788
2021-02-20,2.5033492357822595
2021-02-21,-6.147924267032079
2021-02-22,-11.025003254246535
2021-02-23,1.7722570476868982
2021-02-24,-5.545268399387981
2021-02-25,-1.6273062609315936
2021-02-26,-0.3275896539347567
2021-02-27,-2.3277259923589755
2021-02-28,9.053717896631074
2021-03-01,-2.5884251629448185
2021-03-02,4.272514857637977
2021-03-03,-4.071306975199374
2021-03-04,0.7483279961741696
2021-03-05,-0.030507356505604655
2021-03-06,4.480485910616694
2021-03-07,1.990241575583307
2021-03-08,4.701569094463586
2021-03-09,2.1147370842998336
2021-03-10,3.1079777682435306
2021-03-11,-0.8250724006209742
2021-03-12,6.386020615847576
2021-03-13,-3.27267069629249
2021-03-14,-6.0727728001823245
2021-03-15,1.5803268520164448
2021-03-16,3.5093609566325235
2021-03-17,-1.749034761546886
2021-03-18,0.8359185131591285
2021-03-19,-0.056603926517251324
2021-03-20,-1.3737406963848064
2021-03-21,-5.491150410463552
2021-03-22,0.38327516186559274
2021-03-23,-3.7227987244019545
2021-03-24,-2.0696699559883402
2021-03-25,6.226550022273935
2021-03-26,1.4939195220618817
2021-03-27,-0.04068868887263655
2021-03-28,3.1159253982551927
2021-03-29,1.9815647212819254
2021-03-30,0.0019359260200468853
2021-03-31,0.29947396729370634
2021-04-01,0.48582511795518535
2021-04-02,-3.0908014296994413
2021-04-03,1.9650994968152924
2021-04-04,0.5068319829521051
2021-04-05,-1.4873422224943145
2021-04-06,-3.82419715806388
2021-04-07,3.9006540248123778
2021-04-08,-0.1355467653106679
2021-04-09,2.5893071096306675
2021-04-10,0.6838812543426664
2021-04-11,-0.5201097991459402
2021-04-12,5.684736036454707
2021-04-13,-0.6239322132680414
2021-04-14,0.32270330169189565
2021-04-15,-2.827909345608104
2021-04-16,-1.4649188950565772
2021-04-17,-7.947243005743099
2021-04-18,-0.8827715596296803
2021-04-19,1.3258817676800372
2021-04-20,-4.76187646644457
2021-04-21,-4.141658130295478
2021-04-22,-1.3086187091336132
2021-04-23,-2.0834507269245295
2021-04-24,-2.1357600571825452
2021-04-25,9.287925024995358
2021-04-26,1.8377357724517873
2021-04-27,-0.3801462673219014
2021-04-28,-2.37063048664532
2021-04-29,7.264162142363606
2021-04-30,0.13466647923960906
2021-05-01,-2.1136321184067164
2021-05-02,0.9951257488505783
2021-05-03,-7.250135607387054
2021-05-04,7.123272836260641
2021-05-05,-1.821907215566565
2021-05-06,1.67354764163411
2021-05-07,2.461363989491805
2021-05-08,-0.9813467379749641
2021-05-09,-4.247275614981372
2021-05-10,1.4897869446847234
2021-05-11,-15.369189854160581
2021-05-12,1.1377706819450606
2021-05-13,0.32947471290192265
2021-05-14,-6.673086279326834
2021-05-15,-0.6546592962385134
2021-05-16,-6.703522456344446
2021-05-17,-1.4638035970955254
2021-05-18,-15.963705942122687
2021-05-19,9.26935520839709
2021-05-20,-9.323349809073322
2021-05-21,0.617906798962431
2021-05-22,-7.955146620105524
2021-05-23,10.167416998200885
2021-05-24,-0.7909901862166446
2021-05-25,2.269995521563839
2021-05-26,-2.2302239136638535
2021-05-27,-7.673801212375619
2021-05-28,-3.1243846421115107
2021-05-29,2.9767886729450965
2021-05-30,4.432360026371707
2021-05-31,-1.7662014402415993
2021-06-01,2.369260542874152
2021-06-02,4.1663794089411565
2021-06-03,-6.272927552533791
2021-06-04,-3.776020593099827
2021-06-05,0.8655919781883181
2021-06-06,-6.858234163114618
2021-06-07,-0.26312306905571514
2021-06-08,10.369462376433669
2021-06-09,-1.7506211508999003
2021-06-10,1.6922752413104258
2021-06-11,-5.011973924137747
2021-06-12,9.067871762480607
2021-06-13,2.786324304846677
2021-06-14,0.4647619563215577
2021-06-15,-5.369921180403314
2021-06-16,-0.7714364345349667
2021-06-17,-6.332585096274812
2021-06-18,-0.4811759329117482
2021-06-19,0.2308955565544779
2021-06-20,-12.695780680134572
2021-06-21,2.5502229239162566
2021-06-22,3.6098988833089374
2021-06-23,2.710167616602266
2021-06-24,-9.560273414713905
2021-06-25,1.7041363343049287
2021-06-26,7.109357746161948
2021-06-27,-0.6252729663229095
2021-06-28,3.996460088709064
2021-06-29,-2.3599362975385674
2021-06-30,-4.374817178783275
2021-07-01,0.9585781578502206
2021-07-02,2.225360072868643
2021-07-03,1.7548124395041165
2021-07-04,-4.568770121740107
2021-07-05,1.4289137298170607
2021-07-06,-1.1220307364839588
2021-07-07,-2.9745597008390634
2021-07-08,2.7239490673626188
2021-07-09,-0.827827824211691
2021-07-10,2.101822511193896
2021-07-11,-3.270433182683541
2021-07-12,-1.387749719487097
2021-07-13,0.3665864090074855
2021-07-14,-3.2775117882335003
2021-07-15,-1.1431375323008197
2021-07-16,0.35368996002522746
2021-07-17,0.8294611407996144
2021-07-18,-3.1766625070585475
2021-07-19,-3.39005129424228
2021-07-20,7.173142221958651
2021-07-21,0.6264087169546517
2021-07-22,3.7772088631720546
2021-07-23,2.073035401155454
2021-07-24,2.992182679370514
2021-07-25,5.322653592245318
2021-07-26,5.251374951093746
2021-07-27,1.4725628169757976
2021-07-28,0.03128247607242507
2021-07-29,5.273105629699504
2021-07-30,-1.4638656209759793
2021-07-31,-4.130844622889773
2021-08-01,-1.9717113846988932
2021-08-02,-2.7493653991440548
2021-08-03,4.011631626632218
2021-08-04,2.7454441082843006
2021-08-05,4.547184642602731
2021-08-06,3.9036461038804537
2021-08-07,-1.7299455830632082
2021-08-08,5.537070803821176
2021-08-09,-1.7119020703753485
2021-08-10,0.018874275818536734
2021-08-11,-2.6229856716081024
2021-08-12,7.040798228701217
2021-08-13,-1.478599079790377
2021-08-14,-0.10615215019753599
2021-08-15,-2.266125890580639
2021-08-16,-2.9289953550127423
2021-08-17,0.2362172319651079
2021-08-18,4.102076139033583
2021-08-19,5.313420045509288
2021-08-20,-0.886778916542319
2021-08-21,0.8437676689125317
2021-08-22,0.4531050360719546
2021-08-23,-3.8570132269790447
2021-08-24,2.5626055033516115
2021-08-25,-4.300116965604661
2021-08-26,4.314118801794953
2021-08-27,-0.3195459067666162
2021-08-28,-0.14861880428660434
2021-08-29,-3.7718589854488727
2021-08-30,0.23682630882230216
2021-08-31,3.4400043055332397
2021-09-01,0.9744932192589206
2021-09-02,1.394596929558245
2021-09-03,-0.16167905955846162
2021-09-04,3.4950067073629576
2021-09-05,1.6721753486388935
2021-09-06,-12.438081255550792
2021-09-07,-1.5615460316782404
2021-09-08,0.6467386380361928
2021-09-09,-3.358690705649403
2021-09-10,0.7025146883660516
2021-09-11,1.8709321087495345
2021-09-12,-2.446886320867292
2021-09-13,4.521778036871915
2021-09-14,2.2497667869793125
2021-09-15,-0.822437531371234
2021-09-16,-1.0913198933761636
2021-09-17,2.093782144417855
2021-09-18,-2.1543373225499485
2021-09-19,-10.308184353902572
2021-09-20,-5.283683419404173
2021-09-21,6.611278419130162
2021-09-22,2.9415012165947663
2021-09-23,-4.797758288155274
2021-09-24,-0.288310090267907
2021-09-25,1.1385372502143998
2021-09-26,-2.303283459178651
2021-09-27,-2.927259360277912
2021-09-28,1.2746984933100225
2021-09-29,5.084461675956642
2021-09-30,8.99069381504387
2021-10-01,-0.8498018812784336
2021-10-02,1.0134135244555753
2021-10-03,1.8588785740254243
2021-10-04,4.662562163552475
2021-10-05,6.948222586353847
2021-10-06,-2.8908770312781717
2021-10-07,0.29992539684182695
2021-10-08,1.8199151285206328
2021-10-09,-0.3590265936855408
2021-10-10,4.719876304234283
2021-10-11,-2.57620127987912
2021-10-12,2.369360723107905
2021-10-13,-0.13882083723186778
2021-10-14,6.936437483617985
2021-10-15,-1.152478914125754
2021-10-16,1.0745712928375561
2021-10-17,0.7617133821484878
2021-10-18,3.479372466350217
2021-10-19,2.622775223115481
2021-10-20,-6.080459109003233
2021-10-21,-2.5009879502253307
2021-10-22,1.142385144628355
2021-10-23,-0.7595189576501182
2021-10-24,3.3454856630496743
2021-10-25,-4.433172798444529
2021-10-26,-3.217047654104732
2021-10-27,3.529651239327214
2021-10-28,2.58055703578306
2021-10-29,-0.5479709365475705
2021-10-30,-0.9293618606552201
2021-10-31,-0.5156197733667822
2021-11-01,3.514348454731664
2021-11-02,-0.4071070000295274
2021-11-03,-2.4699126372993874
2021-11-04,-0.534234891191443
2021-11-05,0.6530491488337065
2021-11-06,2.8416128120730466
2021-11-07,6.275031641127526
2021-11-08,-0.8884332661331262
2021-11-09,-3.0411426223041937
2021-11-10,-0.0696990892628202
2021-11-11,-1.237639903406751
2021-11-12,0.48640954947283266
2021-11-13,1.5233857360158032
2021-11-14,-3.0035127312307397
2021-11-15,-5.645868761938533
2021-11-16,0.3425085887594048
2021-11-17,-6.016414552409866
2021-11-18,2.025894619740065
2021-11-19,2.6426990066142353
2021-11-20,-1.646025720515376
2021-11-21,-4.336859712847785
2021-11-22,2.223042794447405
2021-11-23,-2.289692054762882
2021-11-24,1.7359397061228687
2021-11-25,-6.916054269184602
2021-11-26,2.271842972038085
2021-11-27,4.250558062939058
2021-11-28,0.9654774702890112
2021-11-29,-1.4053760918728342
2021-11-30,0.39210731728892556
2021-12-01,-1.3315169859626108
2021-12-02,-5.372508472503501
2021-12-03,-8.937967731025175
2021-12-04,0.34058832489016755
2021-12-05,2.399593425113866
2021-12-06,0.23167798501327885
2021-12-07,-0.38667428557992434
2021-12-08,-5.941996530171956
2021-12-09,-0.9076765672649145
2021-12-10,4.29314315441518
2021-12-11,1.4687675972271386
2021-12-12,-7.190921365556191
2021-12-13,-0.2678408163559576
2021-12-14,4.671253449453927
2021-12-15,-2.5832075447112635
2021-12-16,-3.1671284197863914
2021-12-17,1.380255471248204
2021-12-18,-0.30351268830397515
2021-12-19,0.36958339106989424
2021-12-20,4.202039740024022
2021-12-21,-0.6335821344522152
2021-12-22,4.245440410705703
2021-12-23,0.07409410350823764
2021-12-24,-0.7779834057885404
2021-12-25,0.747214857945222
2021-12-26,-0.33391836606551095
2021-12-27,-6.4123469033708025
2021-12-28,-2.4634549513929738
2021-12-29,1.55456382062662
2021-12-30,-1.8824154642349544
2021-12-31,2.894651823289718
2022-01-01,-0.7214957687781354
2022-01-02,-1.9094651617493463
2022-01-03,-1.2212910557722
2022-01-04,-5.3445571478074605
2022-01-05,-0.9454713364716705
2022-01-06,-3.8573345942497506
2022-01-07,0.42181269386082354
2022-01-08,0.42389254914314556
2022-01-09,-0.21601415174306027
2022-01-10,2.1401086744801123
2022-01-11,2.760570866334189
2022-01-12,-3.187323782710094
2022-01-13,1.178961606369966
2022-01-14,0.17995345148567043
2022-01-15,-0.14732966010346793
2022-01-16,-2.0433535398623137
2022-01-17,0.2951744267830847
2022-01-18,-1.5123124885603856
2022-01-19,-2.6152881641168912
2022-01-20,-11.583687387851782
2022-01-21,-4.073811652072146
2022-01-22,3.4362306665050024
2022-01-23,1.0299559610329134
2022-01-24,0.8109426572835199
2022-01-25,-0.2764639035045313
2022-01-26,0.7704008714065291
2022-01-27,1.7099618321044785
2022-01-28,0.927804261108911
2022-01-29,-0.5817301620104187
2022-01-30,1.4695361603300094
2022-01-31,0.6714673656051939
2022-02-01,-4.844775307813021
2022-02-02,0.5426439230167723
2022-02-03,10.472727231654755
2022-02-04,-0.1440860527227139
2022-02-05,2.2900584780240707
2022-02-06,3.2569394961986076
2022-02-07,0.630484946329668
2022-02-08,0.4969723538534754
2022-02-09,-1.7759246687945263
2022-02-10,-2.728677340769048
2022-02-11,-0.38695894358951044
2022-02-12,-0.11126988000256244
2022-02-13,0.914370802873643
2022-02-14,4.460518442673955
2022-02-15,-1.395172448845039
2022-02-16,-8.446017727767273
2022-02-17,-1.2666070123429796
2022-02-18,0.22725520266623223
2022-02-19,-4.399470932007166
2022-02-20,-3.657686767379542
2022-02-21,3.1623706551723196
2022-02-22,-2.6529437504830833
2022-02-23,2.7027616418299205
2022-02-24,2.2481880376617247
2022-02-25,-0.27891548007885625
2022-02-26,-3.700268446156163
2022-02-27,12.695157697946769
2022-02-28,2.6184462993449342
2022-03-01,-0.9801438453782341
2022-03-02,-3.468235750517734
2022-03-03,-8.468028521561589
2022-03-04,0.667453192617895
2022-03-05,-2.5523216067159016
2022-03-06,-0.9404260026958378
2022-03-07,1.7431029004387644
2022-03-08,7.730895809671134
2022-03-09,-6.454433889098543
2022-03-10,-1.6561122157318753
2022-03-11,0.28027716855598683
2022-03-12,-2.7856195883508628
2022-03-13,4.5808886909288855
2022-03-14,-0.8337032999299332
2022-03-15,4.387389695054877
2022-03-16,-0.4701936452269573
2022-03-17,2.0329039193742404
2022-03-18,0.9231810178628286
2022-03-19,-2.28576450481337
2022-03-20,-0.4134284559850654
2022-03-21,3.023721729956741
2022-03-22,1.2453056969488951
2022-03-23,2.429376437655628
2022-03-24,0.8744261017195498
2022-03-25,0.3417861254688681
2022-03-26,4.954377782297847
2022-03-27,0.6525031685231553
2022-03-28,0.7115166229714864
2022-03-29,-0.8564462175679743
2022-03-30,-3.346580143372302
2022-03-31,1.605320548837319
2022-04-01,-0.8997269820414822
2022-04-02,1.2584979641549032
2022-04-03,0.3627191536441421
2022-04-04,-2.3414781295064913
2022-04-05,-5.437239652199066
2022-04-06,0.6829496492991582
2022-04-07,-2.875977239964156
2022-04-08,1.1557923333765818
2022-04-09,-1.3610436639369894
2022-04-10,-6.7956484176544985
2022-04-11,1.5084070093926982
2022-04-12,2.52521116727773
2022-04-13,-3.083007254272796
2022-04-14,1.5237889564576501
2022-04-15,-0.3190652168955532
2022-04-16,-1.7814338571571886
2022-04-17,2.7170329725529685
2022-04-18,1.6300971772954753
2022-04-19,-0.31026711975754573
2022-04-20,-2.08998453494722
2022-04-21,-1.9804645824720302
2022-04-22,-0.6422153486490556
2022-04-23,-0.044179914785424934
2022-04-24,2.44453033104004
2022-04-25,-6.141142664481802
2022-04-26,2.863476182460467
2022-04-27,1.3393406075367542
2022-04-28,-3.0147868574981196
2022-04-29,-2.372934336253274
2022-04-30,1.9605836178555713
2022-05-01,0.1563338317361329
2022-05-02,-2.063220267637522
2022-05-03,4.906795707435652
2022-05-04,-8.539216569997809
2022-05-05,-1.4822560639620175
2022-05-06,-1.5181383066512621
2022-05-07,-4.2358150521632165
2022-05-08,-12.418121665493388
2022-05-09,2.3400551810003334
2022-05-10,-7.210827858067281
2022-05-11,0.38349433909640185
2022-05-12,0.8037111311457124
2022-05-13,2.718032256741698
2022-05-14,3.845530426401733
2022-05-15,-4.829385105665773
2022-05-16,1.85020078586271
2022-05-17,-5.938613562298345
2022-05-18,5.258444737138646
2022-05-19,-3.8135805498830555
2022-05-20,0.7865063407059392
2022-05-21,2.9399295853481
2022-05-22,-4.209135302398703
2022-05-23,1.8771363426209442
2022-05-24,-0.31534899509637615
2022-05-25,-1.0084205888639675
2022-05-26,-2.2343855813184987
2022-05-27,0.6501017506065909
2022-05-28,2.1431011393356347
2022-05-29,7.1878128864524715
2022-05-30,0.2073454893371407
2022-05-31,-6.688899333550902
2022-06-01,2.1938408475120186
2022-06-02,-2.568972600325825
2022-06-03,0.4308108729530802
2022-06-04,0.24659404184019795
2022-06-05,4.666810361787954
2022-06-06,-0.6907079256287973
2022-06-07,-3.1148208600656035
2022-06-08,-0.33992238481039827
2022-06-09,-3.5352780367725156
2022-06-10,-2.5492717827300115
2022-06-11,-5.971614181261842
2022-06-12,-19.01181069979936
2022-06-13,-1.2635579730934765
2022-06-14,1.6216252697214384
2022-06-15,-10.750795009872638
2022-06-16,0.43881546728637977
2022-06-17,-7.644690122750952
2022-06-18,7.4714573172325105
2022-06-19,0.22459545937536518
2022-06-20,0.5362498403878035
2022-06-21,-3.620189617113989
2022-06-22,5.211296920174558
2022-06-23,0.6866129291020373
2022-06-24,1.2588474890584678
2022-06-25,-2.2591729964076546
2022-06-26,-1.407329018378345
2022-06-27,-2.242749081852935
