Date,Actual Price,Predictions,Volume,SMA20,SMA50,Volatility,Signal,Position,Volume Adjusted Return,Volume Multiplier,Position Size,Adjusted Return,Cumulative Market Returns,Cumulative Strategy Returns,Signal Result
2023-08-11,29397.71484375,29397.92070416527,-0.3721674663013175,29336.77041015625,29959.4691015625,0.010605605820939824,0,,,2.0,1.0,,,,
2023-08-12,29415.96484375,29415.325125319498,-0.580178883623668,29303.34169921875,29933.8790234375,0.010287511832952592,0,0.0,0.0,2.0,1.0,0.0,1.0006207965516027,1.0,0.0
2023-08-13,29282.9140625,29281.96512399053,-0.5211395637273627,29308.6416015625,29908.5633984375,0.007756942065524242,0,0.0,-0.0,2.0,1.0,-0.0,0.9960949079933537,1.0,-0.0
2023-08-14,29408.443359375,29405.346348568903,-0.1736333699338468,29317.69423828125,29887.12703125,0.0078042387539579315,0,0.0,0.0,2.0,1.0,0.0,1.0003649438632227,1.0,0.0
2023-08-15,29170.34765625,29170.42482154192,-0.2450448014664776,29308.46298828125,29865.1113671875,0.007961623523317158,0,0.0,-0.0,2.0,1.0,-0.0,0.9922658210439665,1.0,-0.0
2023-08-16,28701.779296875,28704.799109868374,-0.1249905687545515,29283.01748046875,29825.383671875,0.008662233644263204,0,0.0,-0.0,2.0,1.0,-0.0,0.9763268828691642,1.0,-0.0
2023-08-17,26664.55078125,26686.556969294077,0.7158074129239198,29150.28271484375,29756.949765625,0.017836989945287682,0,0.0,-0.0,2.2,1.0,-0.0,0.9070280095909877,1.0,-0.0
2023-08-18,26049.556640625,26053.8351863032,0.3469419117771029,28984.9146484375,29669.0338671875,0.018242151877638602,0,0.0,-0.0,2.0,1.0,-0.0,0.8861082155221726,1.0,-0.0
2023-08-19,26096.205078125,26090.477563553493,-0.3494844834222889,28825.95947265625,29581.4129296875,0.01831041486176517,0,0.0,0.0,2.0,1.0,0.0,0.8876950204064276,1.0,0.0
2023-08-20,26189.583984375,26183.645013894704,-0.4324051367233574,28673.93310546875,29493.403046875,0.018405216145041054,0,0.0,0.0,2.0,1.0,0.0,0.8908714205703966,1.0,0.0
2023-08-21,26124.140625,26120.83293267263,-0.2070195858920702,28496.353515625,29403.47046875,0.017779223126688736,0,0.0,-0.0,2.0,1.0,-0.0,0.8886452829361337,1.0,-0.0
2023-08-22,26031.65625,26033.00376052307,-0.1481506115125608,28340.33837890625,29300.9748046875,0.017579693837987992,0,0.0,-0.0,2.0,1.0,-0.0,0.8854993113702634,1.0,-0.0
2023-08-23,26431.640625,26425.041621737393,-0.019134516395242,28202.98642578125,29214.0559765625,0.018144723549396842,0,0.0,0.0,2.0,1.0,0.0,0.8991052796275218,1.0,0.0
2023-08-24,26162.373046875,26163.36546799309,-0.2330170926477054,28057.40048828125,29127.0201171875,0.018182054502915112,0,0.0,-0.0,2.0,1.0,-0.0,0.8899458065339101,1.0,-0.0
2023-08-25,26047.66796875,26047.0155120685,-0.2572188383641764,27907.6775390625,29049.78671875,0.01815883758428201,0,0.0,-0.0,2.0,1.0,-0.0,0.8860439699886322,1.0,-0.0
2023-08-26,26008.462890625,26009.20188445751,-0.5884737748821316,27756.00791015625,28963.1106640625,0.018139126026914865,0,0.0,-0.0,2.0,1.0,-0.0,0.8847103602732725,1.0,-0.0
2023-08-27,26089.693359375,26086.29898926937,-0.5427750548746313,27601.463671875,28879.0537109375,0.018094309750541212,0,0.0,0.0,2.0,1.0,0.0,0.8874735161573861,1.0,0.0
2023-08-28,26106.150390625,26098.410519386878,-0.3301765437962916,27418.49658203125,28797.75203125,0.01715246999610884,0,0.0,0.0,2.0,1.0,0.0,0.8880333226368172,1.0,0.0
2023-08-29,27727.392578125,27696.881864740208,0.6246929718566417,27326.79150390625,28744.01046875,0.022991335606185954,0,0.0,0.0,2.2,0.5,0.0,0.9431819012293018,1.0,0.0
2023-08-30,27297.265625,27295.2609735927,-0.0524933396259516,27220.1751953125,28677.5367578125,0.023161880288719572,0,0.0,-0.0,2.0,0.5,-0.0,0.9285505955168972,1.0,-0.0
2023-08-31,25931.47265625,25945.193981599867,0.1470192059432823,27046.8630859375,28588.33328125,0.025374090653601095,0,0.0,-0.0,2.0,0.5,-0.0,0.8820914412591856,1.0,-0.0
2023-09-01,25800.724609375,25797.947708809552,-0.0078211721178507,26866.10107421875,28474.826796875,0.025328528410315073,0,0.0,-0.0,2.0,0.5,-0.0,0.8776438830877451,1.0,-0.0
2023-09-02,25868.798828125,25865.081519331517,-0.3770953363583087,26695.3953125,28385.52140625,0.025404403775650924,0,0.0,0.0,2.0,0.5,0.0,0.879959512690652,1.0,0.0
2023-09-03,25969.56640625,25960.5569727251,-0.4362554748719658,26523.45146484375,28298.9966015625,0.025396316739886637,0,0.0,0.0,2.0,0.5,0.0,0.8833872477598771,1.0,0.0
2023-09-04,25812.416015625,25811.719387558962,-0.3469269137547767,26355.5548828125,28210.262265625,0.02539107958061332,0,0.0,-0.0,2.0,0.5,-0.0,0.8780415808786157,1.0,-0.0
2023-09-05,25779.982421875,25783.373122223347,-0.3253966360929292,26209.4650390625,28122.944140625,0.02529134742380423,0,0.0,-0.0,2.0,0.5,-0.0,0.8769383116645838,1.0,-0.0
2023-09-06,25753.236328125,25752.81847094054,-0.2391951686580722,26163.89931640625,28040.8776171875,0.019970725770820427,0,0.0,-0.0,2.0,0.5,-0.0,0.8760285098690308,1.0,-0.0
2023-09-07,26240.1953125,26229.95813121812,-0.325731099590005,26173.43125,27967.403046875,0.01979545378598564,0,0.0,0.0,2.0,0.5,0.0,0.8925930281305081,1.0,0.0
2023-09-08,25905.654296875,25909.258462525737,-0.3398184560175716,26163.9037109375,27889.6758203125,0.020013249554362095,0,0.0,-0.0,2.0,0.5,-0.0,0.8812131975075125,1.0,-0.0
2023-09-09,25895.677734375,25898.609819727688,-0.6172516914433399,26149.2083984375,27809.4144921875,0.019993712341191516,0,0.0,-0.0,2.0,0.5,-0.0,0.880873832269329,1.0,-0.0
2023-09-10,25832.2265625,25833.86697563299,-0.4915218316473811,26134.6126953125,27730.62296875,0.019993443873398523,0,0.0,-0.0,2.0,0.5,-0.0,0.8787154613819235,1.0,-0.0
2023-09-11,25162.654296875,25170.51850995805,-0.1431496903174366,26091.16259765625,27632.1852734375,0.020790393101207845,0,0.0,-0.0,2.0,0.5,-0.0,0.8559391242011662,1.0,-0.0
2023-09-12,25833.34375,25817.05722802716,0.0677973523012033,26061.24775390625,27565.313828125,0.021415989529289678,0,0.0,0.0,2.0,0.5,0.0,0.8787534639105533,1.0,0.0
2023-09-13,26228.32421875,26218.006895141247,-0.2225902897021064,26064.5453125,27505.3325,0.021593219976014086,0,0.0,0.0,2.0,0.5,0.0,0.8921892180448232,1.0,0.0
2023-09-14,26539.673828125,26532.40972380835,-0.1841532980456851,26089.14560546875,27449.0265234375,0.021711405846675854,0,0.0,0.0,2.0,0.5,0.0,0.9027801640088152,1.0,0.0
2023-09-15,26608.693359375,26604.36570173495,-0.3053798126443328,26119.15712890625,27396.9866015625,0.02170430478437173,0,0.0,0.0,2.0,0.5,0.0,0.9051279495974857,1.0,0.0
2023-09-16,26568.28125,26567.601301828963,-0.5173891371469939,26143.0865234375,27341.9673046875,0.021709318414496342,0,0.0,-0.0,2.0,0.5,-0.0,0.9037532812060889,1.0,-0.0
2023-09-17,26534.1875,26530.82708427964,-0.5500309964801128,26164.48837890625,27285.5126953125,0.021715860402952376,0,0.0,-0.0,2.0,0.5,-0.0,0.9025935397030092,1.0,-0.0
2023-09-18,26754.28125,26748.40864825231,-0.0903601588192952,26115.8328125,27235.0921484375,0.01644587211949792,0,0.0,0.0,2.0,1.0,0.0,0.9100803035950262,1.0,0.0
2023-09-19,27211.1171875,27203.37186252649,-0.1843440357316143,26111.525390625,27194.712265625,0.016614067090479384,0,0.0,0.0,2.0,1.0,0.0,0.9256201487812287,1.0,0.0
2023-09-20,27132.0078125,27132.599022779345,-0.2117218386410447,26171.5521484375,27143.8377734375,0.011789545865423386,0,0.0,-0.0,2.0,1.0,-0.0,0.9229291445511221,1.0,-0.0
2023-09-21,26567.6328125,26572.793075197733,-0.2070255226355209,26209.89755859375,27092.15125,0.012792263287864274,0,0.0,-0.0,2.0,1.0,-0.0,0.9037312237943668,1.0,-0.0
2023-09-22,26579.568359375,26577.98096381729,-0.3522243282452076,26245.43603515625,27040.1690234375,0.01279176587090064,0,0.0,0.0,2.0,1.0,0.0,0.9041372263336266,1.0,0.0
2023-09-23,26579.390625,26577.8460376085,-0.5172503756668728,26275.92724609375,26990.275,0.01278200128263482,0,0.0,-0.0,2.0,1.0,-0.0,0.9041311804767991,1.0,-0.0
2023-09-24,26256.826171875,26258.901597354277,-0.4762717220701923,26298.14775390625,26934.568984375,0.013034562857501434,0,0.0,-0.0,2.0,1.0,-0.0,0.8931587475907927,1.0,-0.0
2023-09-25,26298.48046875,26298.86904931596,-0.2784427214686203,26324.07265625,26879.701484375,0.01302490869507153,0,0.0,0.0,2.0,1.0,0.0,0.8945756705419947,1.0,0.0
2023-09-26,26217.25,26220.04880104738,-0.3830686986262855,26347.27333984375,26820.434921875,0.013050484840995063,0,0.0,-0.0,2.0,1.0,-0.0,0.8918125146578811,1.0,-0.0
2023-09-27,26352.716796875,26350.72330440842,-0.2929720937533533,26352.8994140625,26752.1794140625,0.01240220880160161,0,0.0,0.0,2.0,1.0,0.0,0.8964205870061915,1.0,0.0
2023-09-28,27021.546875,27011.507683614815,-0.1702378863147983,26408.69404296875,26701.38046875,0.013197879952779885,0,0.0,0.0,2.0,1.0,0.0,0.919171677751845,1.0,0.0
2023-09-29,26911.720703125,26914.37047122591,-0.3617031179832242,26459.49619140625,26651.023046875,0.01326120584493268,0,0.0,-0.0,2.0,1.0,-0.0,0.9154358032983806,1.0,-0.0
2023-09-30,26967.916015625,26969.039250599682,-0.6250578880846708,26516.2806640625,26602.4270703125,0.01321963905371524,0,0.0,0.0,2.0,1.0,0.0,0.9173473570636539,1.0,0.0
2023-10-01,27983.75,27970.184665922432,-0.4081071995413805,26657.33544921875,26573.7827734375,0.01372831147341996,0,0.0,0.0,2.0,1.0,0.0,0.951902219228084,1.0,0.0
2023-10-02,27530.78515625,27535.11681637469,0.1268482574389688,26742.20751953125,26538.7401953125,0.013581539883037355,1,0.0,-0.0,2.0,1.0,-0.0,0.9364940541323435,1.0,-0.0
2023-10-03,27429.978515625,27427.09341892699,-0.3091191837850172,26802.290234375,26499.1708984375,0.013358364997465332,0,1.0,-0.007323194021011448,2.0,1.0,-0.007323194021011448,0.9330649903033762,0.9926768059789886,-0.003661597010505724
2023-10-04,27799.39453125,27791.588794026706,-0.3228690150435582,26865.27626953125,26471.7518359375,0.013423030407881276,0,0.0,0.0,2.0,1.0,0.0,0.9456311376242975,0.9926768059789886,0.0
2023-10-05,27415.912109375,27419.92714245495,-0.284711934354794,26905.63720703125,26446.0344921875,0.013902601511363724,0,0.0,-0.0,2.0,1.0,-0.0,0.9325865039201738,0.9926768059789886,-0.0
2023-10-06,27946.59765625,27934.186734736537,-0.2007371607686593,26974.55302734375,26471.6754296875,0.01443081904707124,0,0.0,0.0,2.0,1.0,0.0,0.9506384358371821,0.9926768059789886,0.0
2023-10-07,27968.83984375,27966.5861377992,-0.5615299490887732,27046.28564453125,26510.06109375,0.014408615633781145,0,0.0,0.0,2.0,1.0,0.0,0.9513950316344479,0.9926768059789886,0.0
2023-10-08,27935.08984375,27936.48321176174,-0.4906212079868189,27105.32607421875,26546.8387890625,0.014372216854741148,0,0.0,-0.0,2.0,1.0,-0.0,0.9502469832171004,0.9926768059789886,-0.0
2023-10-09,27583.677734375,27588.11425702898,-0.2779313607980889,27123.9541015625,26574.7206640625,0.0142927046543022,0,0.0,-0.0,2.0,1.0,-0.0,0.9382932612614053,0.9926768059789886,-0.0
2023-10-10,27391.01953125,27395.974886678705,-0.3837002744912632,27136.9046875,26600.0582421875,0.014376840057035994,0,0.0,-0.0,2.0,1.0,-0.0,0.9317397517743929,0.9926768059789886,-0.0
2023-10-11,26873.3203125,26881.48517727424,-0.1926418138638364,27152.1890625,26616.8915234375,0.014233684682349135,0,0.0,-0.0,2.0,1.0,-0.0,0.9141295660337123,0.9926768059789886,-0.0
2023-10-12,26756.798828125,26759.13387274001,-0.4138787706074595,27161.0505859375,26623.3946875,0.014277696298707116,0,0.0,-0.0,2.0,1.0,-0.0,0.9101659421604176,0.9926768059789886,-0.0
2023-10-13,26862.375,26861.462512927224,-0.1137580979643376,27175.1998046875,26637.3947265625,0.014298698046408877,0,0.0,0.0,2.0,1.0,0.0,0.9137572475539198,0.9926768059789886,0.0
2023-10-14,26861.70703125,26863.71879522155,-0.6220972382072149,27205.44384765625,26653.6755078125,0.013982753381064814,0,0.0,-0.0,2.0,1.0,-0.0,0.9137345257623265,0.9926768059789886,-0.0
2023-10-15,27159.65234375,27153.953728578737,-0.5331859355025835,27248.50244140625,26676.699296875,0.014155926552161127,0,0.0,0.0,2.0,1.0,0.0,0.9238695078207481,0.9926768059789886,0.0
2023-10-16,28519.466796875,28500.746384350055,0.5449099626761525,27363.61328125,26725.294765625,0.017743649292194814,0,0.0,0.0,2.2,1.0,0.0,0.9701252953999006,0.9926768059789886,0.0
2023-10-17,28415.748046875,28417.013131899934,-0.128980688212705,27466.76484375,26771.48671875,0.017831676499359142,0,0.0,-0.0,2.0,1.0,-0.0,0.9665971725321447,0.9926768059789886,-0.0
2023-10-18,28328.341796875,28329.107972096157,-0.2406809398186754,27532.10458984375,26783.505703125,0.01715191712255429,0,0.0,-0.0,2.0,1.0,-0.0,0.9636239397327735,0.9926768059789886,-0.0
2023-10-19,28719.806640625,28714.846138875255,-0.1510498340196556,27622.50888671875,26811.9565234375,0.01725742892965553,0,0.0,0.0,2.0,1.0,0.0,0.9769401054902364,0.9926768059789886,0.0
2023-10-20,29682.94921875,29668.29027159479,0.2174752397466419,27758.260546875,26886.9860546875,0.018518598593445415,0,0.0,0.0,2.0,1.0,0.0,1.0097026036382775,0.9926768059789886,0.0
2023-10-21,29918.412109375,29909.572479176346,-0.3021869012558646,27854.99365234375,26969.3398046875,0.0168758717645896,0,0.0,0.0,2.0,1.0,0.0,1.0177121680509027,0.9926768059789886,0.0
2023-10-22,29993.896484375,29990.144416689123,-0.359099099985723,27978.14921875,27051.8417578125,0.016234616689455812,0,0.0,0.0,2.0,1.0,0.0,1.020279863376924,0.9926768059789886,0.0
2023-10-23,33086.234375,33038.92363653074,1.092373310857223,28260.96201171875,27194.1751171875,0.02725195654784128,0,0.0,0.0,2.2,0.5,0.0,1.1254696003024263,0.9926768059789886,0.0
2023-10-24,33901.52734375,33883.65869729958,1.4340370861931475,28566.06865234375,27355.95734375,0.027445927037032445,0,0.0,0.0,2.2,0.5,0.0,1.1532028092638478,0.9926768059789886,0.0
2023-10-25,34502.8203125,34487.6357589844,0.4107927212297675,28920.4140625,27530.4141015625,0.02688816016023662,0,0.0,0.0,2.2,0.5,0.0,1.173656540853051,0.9926768059789886,0.0
2023-10-26,34156.6484375,34160.486355796886,0.1078270766895473,29230.9166015625,27698.48234375,0.027259158297958025,1,0.0,-0.0,2.0,0.5,-0.0,1.1618810720167856,0.9926768059789886,-0.0
2023-10-27,33909.80078125,33918.72566199814,-0.0486262735191956,29527.9646484375,27851.874453125,0.027466489473185755,1,1.0,-0.014453857011274662,2.0,0.5,-0.007226928505637331,1.153484240577267,0.985502801672974,-0.007226928505637331
2023-10-28,34089.57421875,34084.628534751304,-0.3739787422137389,29835.6888671875,28015.5528515625,0.027364853068574425,0,1.0,0.010603037078259714,2.0,0.5,0.005301518539129857,1.1595994586632814,0.9907274630464077,0.005301518539129857
2023-10-29,34538.48046875,34533.38991189195,-0.3219867743607828,30183.42900390625,28188.40890625,0.026830036716268144,0,0.0,0.0,2.0,0.5,0.0,1.174869565621797,0.9907274630464077,0.0
2023-10-30,34502.36328125,34507.42892508697,-0.0087571330369314,30538.99619140625,28361.811640625,0.026645381887063155,1,0.0,-0.0,2.0,0.5,-0.0,1.173640994364066,0.9907274630464077,-0.0
2023-10-31,34667.78125,34674.47117507273,-0.0829288359805324,30928.71923828125,28551.9141796875,0.02571291775569848,0,1.0,0.009588790622924837,2.0,0.5,0.004794395311462418,1.179267893244785,0.9954774021501744,0.004794395311462418
2023-11-01,35437.25390625,35434.56003924688,0.2647958852398082,31362.7419921875,28743.9923828125,0.025448311771735867,0,0.0,0.0,2.0,0.5,0.0,1.2054424670284882,0.9954774021501744,0.0
2023-11-02,34938.2421875,34955.33511861619,0.1895051018143953,31766.5353515625,28918.1907421875,0.02614919911743468,1,0.0,-0.0,2.0,0.5,-0.0,1.1884679599485242,0.9954774021501744,-0.0
2023-11-03,34732.32421875,34746.763951296685,-0.0101299182756995,32160.0662109375,29082.04375,0.02634164639471506,1,1.0,-0.01178754029151885,2.0,0.5,-0.005893770145759425,1.181463402966988,0.9896102871566036,-0.005893770145759425
2023-11-04,35082.1953125,35092.188453570496,-0.405124044838721,32556.193359375,29251.5137890625,0.026347013131359988,0,1.0,0.020146713565522223,2.0,0.5,0.010073356782761111,1.1933647053508494,0.9995789846550227,0.010073356782761111
2023-11-05,35049.35546875,35065.765260693646,-0.2568705481325926,32882.68779296875,29421.1352734375,0.025025406510592,0,0.0,-0.0,2.0,0.5,-0.0,1.1922476170354974,0.9995789846550227,-0.0
2023-11-06,35037.37109375,35048.27479719965,-0.2422766968400673,33213.7689453125,29591.1989453125,0.02493713403890338,0,0.0,-0.0,2.0,0.5,-0.0,1.1918399535465596,0.9995789846550227,-0.0
2023-11-07,35443.5625,35448.4028325392,0.0770238302086007,33569.52998046875,29764.9845703125,0.02472204185080545,1,0.0,0.0,2.0,0.5,0.0,1.2056570617268696,0.9995789846550227,0.0
2023-11-08,35655.27734375,35660.72865523996,-0.0030101822077194,33916.303515625,29933.8677734375,0.024746257385284985,1,1.0,0.011946589384179251,2.0,0.5,0.005973294692089626,1.212858806654163,1.0055497644983868,0.005973294692089626
2023-11-09,36693.125,36682.8094509677,1.0611311274005186,34266.8123046875,30125.0901171875,0.024554503847871834,0,1.0,0.0640372201213638,2.2,0.5,0.0320186100606819,1.2481624913713663,1.0377460703044712,0.029107827327892632
2023-11-10,37313.96875,37307.81845596552,0.2785734948009336,34636.59013671875,30340.0168359375,0.02457900535372147,0,0.0,0.0,2.0,0.5,0.0,1.2692812672115907,1.0377460703044712,0.0
2023-11-11,37138.05078125,37142.31815215244,-0.178282687894546,34993.7978515625,30551.186484375,0.024768792025602025,0,0.0,-0.0,2.0,0.5,-0.0,1.2632971977121412,1.0377460703044712,-0.0
2023-11-12,37054.51953125,37057.06092811423,-0.301949348174143,35192.212109375,30760.6890625,0.0121357945273578,0,0.0,-0.0,2.0,1.0,-0.0,1.2604557778792063,1.0377460703044712,-0.0
2023-11-13,36502.35546875,36511.71648867399,0.088616818577053,35322.253515625,30965.5996484375,0.012117005328857471,1,0.0,-0.0,2.0,1.0,-0.0,1.241673227417894,1.0377460703044712,-0.0
2023-11-14,35537.640625,35550.41070231922,0.3381638931355144,35373.99453125,31150.3828515625,0.013395145937965602,1,1.0,-0.05285767624370985,2.0,1.0,-0.05285767624370985,1.2088572466902254,0.9828932244971353,-0.026428838121854925
2023-11-15,37880.58203125,37845.963362361,0.5205747030127719,35560.1912109375,31383.6494921875,0.01937034052873284,0,1.0,0.145042580292287,2.2,1.0,0.145042580292287,1.28855532590158,1.125454593930006,0.06592844558740318
2023-11-16,36154.76953125,36178.387918998706,0.4499464428703164,35672.4396484375,31579.690546875,0.02234891313402539,1,0.0,-0.0,2.2,0.5,-0.0,1.2298496574789575,1.125454593930006,-0.0
2023-11-17,36596.68359375,36591.98159661732,0.2647312288862006,35797.7951171875,31771.19328125,0.022432601528871096,0,1.0,0.024445685492091584,2.0,0.5,0.012222842746045792,1.2448819164436011,1.1392108484494272,0.012222842746045792
2023-11-18,36585.703125,36587.87577695632,-0.2842560112270106,35900.15625,31964.6729296875,0.02233824613260484,0,0.0,-0.0,2.0,0.5,-0.0,1.2445084020800405,1.1392108484494272,-0.0
2023-11-19,37386.546875,37381.98718069652,-0.2307057983460854,36044.3654296875,32173.045546875,0.022699047435198558,0,0.0,0.0,2.0,0.5,0.0,1.2717501028127849,1.1392108484494272,0.0
2023-11-20,37476.95703125,37472.99993084516,0.183788573097414,36184.82421875,32362.9096875,0.022702346572328225,0,0.0,0.0,2.0,0.5,0.0,1.2748255172363392,1.1392108484494272,0.0
2023-11-21,35813.8125,35845.885392518365,0.4065213307887606,36203.6521484375,32528.570234375,0.024708482508431193,1,0.0,-0.0,2.0,0.5,-0.0,1.218251578068289,1.1392108484494272,-0.0
2023-11-22,37432.33984375,37416.176036482975,0.3662316528940768,36328.35703125,32728.6174609375,0.026329126175856525,0,1.0,0.09038564904253077,2.0,0.5,0.045192824521265385,1.273307807858684,1.190695004416124,0.045192824521265385
2023-11-23,37289.62109375,37295.84088481228,-0.1631697633902319,36456.221875,32918.4219921875,0.02629296714465205,0,0.0,-0.0,2.0,0.5,-0.0,1.2684530512642154,1.190695004416124,-0.0
2023-11-24,37720.28125,37711.785475617275,0.2895798884630223,36588.126171875,33124.509375,0.02631331049384024,0,0.0,0.0,2.0,0.5,0.0,1.2831024945471023,1.190695004416124,0.0
2023-11-25,37796.79296875,37796.70231526294,-0.429130101536318,36725.498046875,33321.51328125,0.02629262840543855,0,0.0,0.0,2.0,0.5,0.0,1.2857051362543461,1.190695004416124,0.0
2023-11-26,37479.12109375,37489.93735500136,-0.1876140659816235,36847.585546875,33511.71890625,0.026425906376015613,0,0.0,-0.0,2.0,0.5,-0.0,1.2748991305260629,1.190695004416124,-0.0
2023-11-27,37254.16796875,37254.55283121447,0.0857683115139155,36938.1158203125,33698.10046875,0.02644231460719872,1,0.0,-0.0,2.0,0.5,-0.0,1.2672470689221036,1.190695004416124,-0.0
2023-11-28,37831.0859375,37821.4785436749,0.2257946241727342,37046.90625,33903.0486328125,0.026587103962982105,0,1.0,0.03097199589769062,2.0,0.5,0.01548599794884531,1.2868716544321115,1.2091341048122124,0.01548599794884531
2023-11-29,37858.4921875,37855.48660839068,0.1754873534373273,37105.174609375,34112.3980859375,0.02588526822536589,0,0.0,0.0,2.0,0.5,0.0,1.2878039122673093,1.2091341048122124,0.0
2023-11-30,37712.74609375,37717.64983611766,0.0396540793600243,37125.1134765625,34329.1866015625,0.025665845358351865,1,0.0,-0.0,2.0,0.5,-0.0,1.2828461767928125,1.2091341048122124,-0.0
2023-12-01,38688.75,38676.57088907171,0.3202463219281607,37202.6484375,34567.825625,0.026222932156168707,0,1.0,0.051759895915495235,2.0,0.5,0.025879947957747618,1.3160461690860061,1.2404264325186902,0.025879947957747618
2023-12-02,39476.33203125,39468.31502511904,-0.0945873449189923,37323.7390625,34820.104765625,0.026499020315101256,0,0.0,0.0,2.0,0.5,0.0,1.3428367558862397,1.2404264325186902,0.0
2023-12-03,39978.390625,39971.10068379622,-0.0823347970652927,37497.5408203125,35082.4384375,0.026207543266327876,0,0.0,0.0,2.0,0.5,0.0,1.3599149062261031,1.2404264325186902,0.0
2023-12-04,41980.09765625,41949.90816254869,1.169974843964668,37819.663671875,35378.84734375,0.026968484303977795,0,0.0,0.0,2.2,0.5,0.0,1.4280054718326187,1.2404264325186902,0.0
2023-12-05,44080.6484375,44052.978717410464,0.9857153343605468,38129.6669921875,35690.0709765625,0.02538124625748244,0,0.0,0.0,2.2,0.5,0.0,1.4994583310910514,1.2404264325186902,0.0
2023-12-06,43746.4453125,43749.81997447294,0.6528400494400722,38509.25078125,35996.684921875,0.022417807948972867,1,0.0,-0.0,2.2,0.5,-0.0,1.4880899942398267,1.2404264325186902,-0.0
2023-12-07,43292.6640625,43298.06757198821,0.5346094583907872,38844.0498046875,36295.9713671875,0.022855041979045726,1,1.0,-0.02282056845690135,2.2,0.5,-0.011410284228450675,1.4726540580654721,1.2262728143591688,-0.010372985662227885
2023-12-08,44166.6015625,44155.48793092872,0.3674726486673186,39223.0947265625,36604.907265625,0.0228903401980824,0,1.0,0.04037346829653776,2.0,0.5,0.02018673414826888,1.502382134028009,1.2510272576558867,0.02018673414826888
2023-12-09,43725.984375,43730.307917753045,0.0007756519767814,39540.0666015625,36885.76796875,0.023105723313171192,1,0.0,-0.0,2.0,0.5,-0.0,1.4873939898868096,1.2510272576558867,-0.0
2023-12-10,43779.69921875,43775.07322945752,-0.2263127139969616,39855.2037109375,37162.9937109375,0.023122684062710237,0,1.0,0.002456884368312373,2.0,0.5,0.0012284421841561866,1.489221167408447,1.2525640723127205,0.0012284421841561866
2023-12-11,41243.83203125,41279.59419762106,1.2103490777548285,40126.7046875,37387.992421875,0.024871518164806237,0,0.0,-0.0,2.2,0.5,-0.0,1.4029604767058454,1.2525640723127205,-0.0
2023-12-12,41450.22265625,41453.11045293471,0.3861068764976315,40327.598828125,37555.2721875,0.023224383715701905,1,0.0,0.0,2.0,0.5,0.0,1.4099811116802636,1.2525640723127205,0.0
2023-12-13,42890.7421875,42870.25675023716,0.4910463385618231,40607.6548828125,37735.056484375,0.024009814456121326,0,1.0,0.07645659698940466,2.2,0.5,0.03822829849470233,1.4589821833249959,1.3004474655528313,0.03475299863154757
2023-12-14,43023.97265625,43026.62212612547,0.4276492652318491,40872.839453125,37905.47953125,0.024005313039941835,1,0.0,0.0,2.2,0.5,0.0,1.4635141841780597,1.3004474655528313,0.0
2023-12-15,41929.7578125,41954.66041553975,0.1188622958316066,41079.4876953125,38060.94171875,0.025059244579139165,1,1.0,-0.050865356041966736,2.0,0.5,-0.025432678020983368,1.426293099152717,1.2673736038782222,-0.025432678020983368
2023-12-16,42240.1171875,42256.87498132976,-0.1542384506862316,41317.5375,38227.548046875,0.024845968980508865,0,1.0,0.014803776181481876,2.0,0.5,0.007401888090740938,1.4368503610572414,1.2767545614632878,0.007401888090740938
2023-12-17,41364.6640625,41391.68193471636,-0.0350734343111384,41523.0623046875,38373.04984375,0.02544038535574278,1,0.0,-0.0,2.0,0.5,-0.0,1.4070707292167033,1.2767545614632878,-0.0
2023-12-18,42623.5390625,42613.31854518544,0.4092497970397046,41762.6849609375,38534.751015625,0.025961726538401095,0,1.0,0.06086716904543943,2.0,0.5,0.030433584522719714,1.4498929351837646,1.3156107793243488,0.030433584522719714
2023-12-19,42270.52734375,42281.11916390207,0.302476244155671,41983.28671875,38690.114296875,0.026141056511722494,1,0.0,-0.0,2.0,0.5,-0.0,1.4378848005166223,1.3156107793243488,-0.0
2023-12-20,43652.25,43642.9713836789,0.5467313387733002,42280.2619140625,38869.803671875,0.026698168323121014,0,1.0,0.07191274949162536,2.2,0.5,0.03595637474581268,1.484885822997244,1.3629153735253658,0.032687613405284255
2023-12-21,43869.15234375,43866.0039890727,0.2651335319148936,42539.28203125,39038.441640625,0.02635509942825526,0,0.0,0.0,2.0,0.5,0.0,1.4922640272183147,1.3629153735253658,0.0
2023-12-22,43997.90234375,43993.79663503068,0.1910827918153497,42765.360546875,39219.63484375,0.02616484640351696,0,0.0,0.0,2.0,0.5,0.0,1.4966436193289365,1.3629153735253658,0.0
2023-12-23,43739.54296875,43734.3568659499,-0.1999362211579292,42953.4181640625,39399.77921875,0.026234833045986707,0,0.0,-0.0,2.0,0.5,-0.0,1.487855202393362,1.3629153735253658,-0.0
2023-12-24,43016.1171875,43022.80090816958,0.0768063097171037,43005.219140625,39558.45765625,0.02435001797759262,1,0.0,-0.0,2.0,0.5,-0.0,1.4632469705938824,1.3629153735253658,-0.0
2023-12-25,43613.140625,43599.59141171977,0.1956213137188843,42981.84375,39729.733359375,0.021761534805132567,0,1.0,0.027758127722112835,2.0,0.5,0.013879063861056418,1.4835554687432522,1.38183136303174,0.013879063861056418
2023-12-26,42520.40234375,42532.57122581042,0.6589277991869468,42920.5416015625,39879.393984375,0.022410107104079976,1,0.0,-0.0,2.2,0.5,-0.0,1.4463846108361684,1.38183136303174,-0.0
2023-12-27,43442.85546875,43425.80877228181,0.4111370676356499,42928.051171875,40039.37984375,0.02286037673553744,0,1.0,0.04772760282448969,2.2,0.5,0.023863801412244846,1.4777630063986424,1.4148071122643409,0.021694364920222586
2023-12-28,42627.85546875,42637.97342485483,0.2931743876737824,42851.1138671875,40178.83140625,0.02274681735276535,1,0.0,-0.0,2.0,0.5,-0.0,1.4500397631352884,1.4148071122643409,-0.0
2023-12-29,42099.40234375,42109.35959196114,0.4495635552309767,42769.784765625,40286.956953125,0.022800535380492665,1,1.0,-0.027273172957346728,2.2,0.5,-0.013636586478673364,1.4320637698375525,1.395513972727306,-0.012396896798793966
2023-12-30,42156.90234375,42157.48664624652,-0.0696367315154668,42688.644921875,40383.815625,0.02280146716416348,0,1.0,0.0027316302274553728,2.0,0.5,0.0013658151137276864,1.4340197041782183,1.397419986802675,0.0013658151137276864
2023-12-31,42265.1875,42270.487211093845,-0.0496938870600073,42739.7126953125,40486.358359375,0.01855987504742035,1,0.0,0.0,2.0,1.0,0.0,1.437703159059849,1.397419986802675,0.0
2024-01-01,44167.33203125,44141.02844752572,0.0558234744103929,42875.5681640625,40628.614609375,0.02096912177176235,0,1.0,0.0900099890128252,2.0,0.5,0.0450049945064126,1.5024069818351895,1.4603108656318806,0.0450049945064126
2024-01-02,44957.96875,44950.33096579043,1.1428943672155734,42978.9294921875,40797.726875,0.01995652806494021,0,0.0,0.0,2.2,0.5,0.0,1.5293014776472709,1.4603108656318806,0.0
2024-01-03,42848.17578125,42881.46405965975,1.5072071033698218,42970.1396484375,40943.937578125,0.022813906999671778,1,0.0,-0.0,2.2,0.5,-0.0,1.4575342338338102,1.4603108656318806,-0.0
2024-01-04,44179.921875,44164.801502544666,0.6808290573621995,43082.6478515625,41069.924375,0.022991661094441552,0,1.0,0.06837727284371496,2.2,0.5,0.03418863642185748,1.5028352411001327,1.510236902879857,0.03108057856532498
2024-01-05,44162.69140625,44162.772153781305,0.7789873475940202,43178.7765625,41230.0828125,0.022976804132092403,1,0.0,-0.0,2.2,0.5,-0.0,1.502249125177804,1.510236902879857,-0.0
2024-01-06,43989.1953125,43985.975891524315,-0.0655513035254439,43310.003125,41377.933046875,0.02238332259222864,0,1.0,-0.007857134075186734,2.0,0.5,-0.003928567037593367,1.496347438782377,1.5043038359642462,-0.003928567037593367
2024-01-07,43943.09765625,43937.40273874962,0.1028034997355045,43375.9810546875,41525.0809375,0.021464195966481574,0,0.0,-0.0,2.0,0.5,-0.0,1.4947793694104883,1.5043038359642462,-0.0
2024-01-08,46970.50390625,46926.88472850049,1.3202358919715154,43610.9798828125,41716.760078125,0.026020486245623715,0,0.0,0.0,2.2,0.5,0.0,1.597760375454352,1.5043038359642462,0.0
2024-01-09,46139.73046875,46142.38835197016,1.1681634919874773,43735.35390625,41890.015546875,0.025696842366006594,1,0.0,-0.0,2.2,0.5,-0.0,1.5695005790070569,1.5043038359642462,-0.0
2024-01-10,46627.77734375,46612.62137338666,1.7033372344743705,43873.28515625,42106.29484375,0.025749043042082104,0,1.0,0.02327068481093986,2.2,0.5,0.01163534240546993,1.5861021032273572,1.5218069261775522,0.010577584004972662
2024-01-11,46368.5859375,46369.642596632024,1.480764401998358,43991.8193359375,42285.019765625,0.025826432592116193,1,0.0,-0.0,2.2,0.5,-0.0,1.577285383709272,1.5218069261775522,-0.0
2024-01-12,42853.16796875,42908.01530902778,1.3507297476294515,43947.5005859375,42396.290703125,0.031248697380170103,1,1.0,-0.16679222311576458,2.2,0.25,-0.041698055778941145,1.457704049328876,1.4583505360850217,-0.07581464687080208
2024-01-13,42842.3828125,42836.3617898614,0.1689006441249207,43938.8138671875,42498.732734375,0.031021668389112154,0,1.0,-0.000503353976437193,2.0,0.25,-0.00012583849410929826,1.4573371787640268,1.4581670194496774,-0.0002516769882185965
2024-01-14,41796.26953125,41812.9437323893,0.0087418820294715,43847.9703125,42578.722265625,0.03131714526796162,1,0.0,-0.0,2.0,0.25,-0.0,1.4217523284853528,1.4581670194496774,-0.0
2024-01-15,42511.96875,42501.011340159064,0.2582421776387593,43847.5486328125,42679.37921875,0.03107785530999485,0,1.0,0.03424703815802932,2.0,0.25,0.00856175953950733,1.4460977316078052,1.4706514948386458,0.01712351907901466
2024-01-16,43154.9453125,43143.07038607341,0.348846713508608,43833.153125,42797.394765625,0.030875565389591367,0,0.0,0.0,2.0,0.25,0.0,1.467969382718017,1.4706514948386458,0.0
2024-01-17,42742.65234375,42755.80309237496,0.1818660803539544,43838.89296875,42895.62609375,0.03064700156325039,1,0.0,-0.0,2.0,0.25,-0.0,1.4539447222659596,1.4706514948386458,-0.0
2024-01-18,41262.05859375,41287.21472248253,0.4089230374531605,43797.02578125,42963.697421875,0.031533584869575186,1,1.0,-0.06927945126533541,2.0,0.25,-0.017319862816333853,1.4035804760016015,1.4451800126974041,-0.034639725632667706
2024-01-19,41618.40625,41619.70140681135,0.4366895332048029,43770.1009765625,43041.810625,0.0315984164607027,1,1.0,0.018999654173064907,2.2,0.25,0.004749913543266227,1.4157020867507362,1.4520444928121732,0.00863620644230223
2024-01-20,41665.5859375,41668.821585215024,-0.2998189676609328,43740.1208984375,43101.34734375,0.031593510555794624,0,1.0,0.0022672510435213233,2.0,0.25,0.0005668127608803308,1.4173069627674866,1.4528675301600653,0.0011336255217606617
2024-01-21,41545.78515625,41555.21706255102,-0.4164194094427783,43609.0435546875,43142.73640625,0.02974482185821639,0,0.0,-0.0,2.0,0.25,-0.0,1.4132317895138258,1.4528675301600653,-0.0
2024-01-22,39507.3671875,39539.46845623999,0.727134300993595,43336.5134765625,43133.3159375,0.031052245865401472,0,0.0,-0.0,2.2,0.25,-0.0,1.3438924555014962,1.4528675301600653,-0.0
2024-01-23,39845.55078125,39845.92036569473,0.6182543118290289,43186.3822265625,43090.625,0.0296481530810997,1,0.0,0.0,2.2,0.25,0.0,1.3553961929704614,1.4528675301600653,0.0
2024-01-24,40077.07421875,40068.44491731255,0.2602857681463553,42981.23984375,43010.553515625,0.028631136345850114,0,1.0,0.011621043401861986,2.0,0.5,0.005810521700930993,1.3632717519630755,1.4613094484726383,0.005810521700930993
2024-01-25,39933.80859375,39927.62317707616,0.0591927625811515,42769.795703125,42934.30078125,0.028616111612212232,0,0.0,-0.0,2.0,0.5,-0.0,1.3583983927322147,1.4613094484726383,-0.0
2024-01-26,41816.87109375,41783.76778931089,0.4286677800300004,42661.1794921875,42904.784921875,0.03087257352766927,0,0.0,0.0,2.2,0.25,0.0,1.4224531163734415,1.4613094484726383,0.0
2024-01-27,42120.0546875,42116.421672223136,-0.3083326570702493,42570.02734375,42863.853984375,0.03094276474161644,0,0.0,0.0,2.0,0.25,0.0,1.4327662851133054,1.4613094484726383,0.0
2024-01-28,42035.59375,42033.63337399721,-0.0257008399855632,42323.2818359375,42830.046171875,0.026119944930294077,0,0.0,-0.0,2.0,0.5,-0.0,1.4298932407985037,1.4613094484726383,-0.0
2024-01-29,43288.24609375,43265.37476057188,0.172364170409594,42180.7076171875,42820.217109375,0.02706661253217126,0,0.0,0.0,2.0,0.5,0.0,1.4725037753386168,1.4613094484726383,0.0
2024-01-30,42952.609375,42955.311198724026,0.337405375257293,41996.94921875,42854.39265625,0.02689857384527496,0,0.0,-0.0,2.0,0.5,-0.0,1.4610866730048495,1.4613094484726383,-0.0
2024-01-31,42582.60546875,42583.60702789696,0.3806013397520713,41807.6501953125,42877.0403125,0.02691808261006018,0,0.0,-0.0,2.0,0.5,-0.0,1.4485005278498064,1.4613094484726383,-0.0
2024-02-01,43075.7734375,43064.79986221099,0.2116431853868107,41818.78046875,42880.7409375,0.021092389308536384,0,0.0,0.0,2.0,0.5,0.0,1.4652762524723226,1.4613094484726383,0.0
2024-02-02,43185.859375,43181.040368291,0.0650190756886682,41835.954296875,42883.978671875,0.02109666603982848,0,0.0,0.0,2.0,0.5,0.0,1.4690209631780735,1.4613094484726383,0.0
2024-02-03,42992.25,42986.48891862419,-0.3215229378453967,41895.7533203125,42905.228515625,0.020308072530116242,0,0.0,-0.0,2.0,0.5,-0.0,1.4624350983913361,1.4613094484726383,-0.0
2024-02-04,42583.58203125,42583.07029584583,-0.1326358534702342,41899.333984375,42912.0978125,0.020109280851242,0,0.0,-0.0,2.0,0.5,-0.0,1.4485337468433643,1.4613094484726383,-0.0
2024-02-05,42658.66796875,42659.479398666444,0.0708237210993806,41874.5201171875,42937.977890625,0.019809763366163916,0,0.0,0.0,2.0,0.5,0.0,1.451087888820014,1.4613094484726383,0.0
2024-02-06,43084.671875,43080.67754175789,-0.028846113563667,41891.62109375,42947.200546875,0.01981593993190951,0,0.0,0.0,2.0,0.5,0.0,1.4655789439416187,1.4613094484726383,0.0
2024-02-07,44318.22265625,44301.845817037276,0.1961824359302152,42044.429296875,42988.154453125,0.018926851436766562,0,0.0,0.0,2.0,1.0,0.0,1.5075397149677467,1.4613094484726383,0.0
2024-02-08,45301.56640625,45291.73786480659,0.4575965264774515,42228.5873046875,43021.14078125,0.01934889908796975,0,0.0,0.0,2.2,1.0,0.0,1.5409893812165183,1.4613094484726383,0.0
2024-02-09,47147.19921875,47125.70676014431,1.1419323172764888,42502.66796875,43086.70171875,0.020954399194228618,0,0.0,0.0,2.2,0.5,0.0,1.603770887272673,1.4613094484726383,0.0
2024-02-10,47771.27734375,47766.639510594236,-0.0496323926195491,42813.942578125,43162.16921875,0.02088835733154002,0,0.0,0.0,2.0,0.5,0.0,1.6249996844195602,1.4613094484726383,0.0
2024-02-11,48293.91796875,48289.17948798303,0.1020388628287465,43253.2701171875,43253.25671875,0.01615204190671597,0,0.0,0.0,2.0,1.0,0.0,1.6427779582676418,1.4613094484726383,0.0
2024-02-12,49958.22265625,49931.914831489616,0.8921203795245939,43758.9037109375,43392.098828125,0.017027237130932824,0,0.0,0.0,2.2,1.0,0.0,1.6993913616000382,1.4613094484726383,0.0
2024-02-13,49742.44140625,49742.17308504201,0.9483274951226882,44242.1720703125,43514.68484375,0.017353178906222594,0,0.0,-0.0,2.2,1.0,-0.0,1.6920512927835711,1.4613094484726383,-0.0
2024-02-14,51826.6953125,51787.890185637734,1.1309534729947843,44836.81640625,43700.810703125,0.018296398770111213,0,0.0,0.0,2.2,1.0,0.0,1.7629497934775158,1.4613094484726383,0.0
2024-02-15,51938.5546875,51928.91086370578,1.1028127570360715,45342.9005859375,43870.7246875,0.01659894425827492,0,0.0,0.0,2.2,1.0,0.0,1.7667548298755673,1.4613094484726383,0.0
2024-02-16,52160.203125,52152.44052681961,0.5629352207477375,45844.9080078125,44061.371640625,0.016647978466660395,0,0.0,0.0,2.2,1.0,0.0,1.7742944784053276,1.4613094484726383,0.0
2024-02-17,51662.99609375,51663.5961409084,0.1380811824861125,46326.278125,44252.643515625,0.017035098467443836,1,0.0,-0.0,2.0,1.0,-0.0,1.7573813600254578,1.4613094484726383,-0.0
2024-02-18,52122.546875,52119.22190690006,0.0125865993919787,46767.9931640625,44451.95640625,0.016418778597074975,0,1.0,0.017790326384326427,2.0,1.0,0.017790326384326427,1.77301355401375,1.4873066205094667,0.008895163192163213
2024-02-19,51779.14453125,51785.29523150617,0.2084316490482824,47209.319921875,44642.235546875,0.01635645324245495,1,0.0,-0.0,2.0,1.0,-0.0,1.7613322942432135,1.4873066205094667,-0.0
2024-02-20,52284.875,52285.33918175059,0.8319014381932379,47694.4333984375,44804.58640625,0.015790907768172692,1,1.0,0.02148755143257568,2.2,1.0,0.02148755143257568,1.7785353479988533,1.5192651980136742,0.009767068832988945
2024-02-21,51839.1796875,51855.985186540376,0.5860374752860718,48132.6037109375,44942.210625,0.0163442019303197,1,1.0,-0.01875360106531776,2.2,1.0,-0.01875360106531776,1.763374465091155,1.4907735045777049,-0.008524364120598982
2024-02-22,51304.97265625,51329.585420025265,0.4190897915384984,48538.559375,45111.3465625,0.016873205280415596,1,1.0,-0.022671181832635858,2.2,1.0,-0.022671181832635858,1.7452027454833783,1.456975907384148,-0.010305082651198116
2024-02-23,50731.94921875,50753.55949882722,0.211805634933432,48925.5443359375,45242.387109375,0.017212700487583936,1,1.0,-0.022337929749590923,2.0,1.0,-0.022337929749590923,1.7257106373196778,1.4244300819181543,-0.011168964874795462
2024-02-24,51571.1015625,51575.73270908285,-0.1133023837937021,49374.9203125,45390.5553125,0.01676213927630147,0,1.0,0.03308180965535845,2.0,1.0,0.03308180965535845,1.7542554527316963,1.4715528067555375,0.016540904827679226
2024-02-25,51733.23828125,51743.55804349491,-0.1008678287010388,49828.648828125,45545.436171875,0.01673031911760985,0,0.0,0.0,2.0,1.0,0.0,1.7597707357940624,1.4715528067555375,0.0
2024-02-26,54522.40234375,54492.219684767726,0.8693698953240121,50400.5353515625,45757.022265625,0.019420384389933498,0,0.0,0.0,2.2,0.5,0.0,1.8546476361696365,1.4715528067555375,0.0
2024-02-27,57085.37109375,57052.12255073458,1.6847353551238635,51038.8927734375,45959.319609375,0.020643970514521777,0,0.0,0.0,2.2,0.5,0.0,1.9418302203814461,1.4715528067555375,0.0
2024-02-28,62504.7890625,62423.4223838249,3.4255592115706244,51899.05390625,46286.62078125,0.027597606916293656,0,0.0,0.0,2.2,0.5,0.0,2.1261784936249417,1.4715528067555375,0.0
2024-02-29,61198.3828125,61207.002956069846,2.5030830778540434,52601.6130859375,46578.032890625,0.02819221977994343,1,0.0,-0.0,2.2,0.5,-0.0,2.081739452803449,1.4715528067555375,-0.0
2024-03-01,62440.6328125,62419.7516106392,1.1871447158564592,53335.080859375,46899.473828125,0.028233055560079195,0,1.0,0.044657225802407836,2.2,0.5,0.022328612901203918,2.1239961386241877,1.504410539741262,0.020298739001094468
2024-03-02,62029.84765625,62026.10066092557,0.3397793014354309,54021.87734375,47283.007421875,0.02859733208118326,0,0.0,-0.0,2.0,0.5,-0.0,2.110022768298183,1.504410539741262,-0.0
2024-03-03,63167.37109375,63141.73482447467,0.4627587075308523,54682.334765625,47689.5071875,0.028183807372454187,0,0.0,0.0,2.2,0.5,0.0,2.1487170492498144,1.504410539741262,0.0
2024-03-04,68330.4140625,68226.1827731691,2.772084041925268,55611.7333984375,48220.190078125,0.03186381355563976,0,0.0,0.0,2.2,0.25,0.0,2.324344406552645,1.504410539741262,0.0
2024-03-05,63801.19921875,63852.751329498555,4.442725802866181,56210.45859375,48645.9746875,0.03620557058475964,1,0.0,-0.0,2.2,0.25,-0.0,2.17027750482838,1.504410539741262,-0.0
2024-03-06,66106.8046875,66064.73447025841,2.6722461971366083,56918.87109375,49105.011875,0.036561554854431064,0,1.0,0.07950214248887258,2.2,0.25,0.019875535622218145,2.2487055554780437,1.53431150501433,0.03613733749494208
2024-03-07,66925.484375,66910.8512356215,1.5408575770708723,57657.13515625,49588.668515625,0.036507392971870695,0,0.0,0.0,2.2,0.25,0.0,2.2765539679091225,1.53431150501433,0.0
2024-03-08,68300.09375,68280.32954438707,2.175857397183825,58488.9900390625,50129.42921875,0.036140993024031155,0,0.0,0.0,2.2,0.25,0.0,2.3233130232406713,1.53431150501433,0.0
2024-03-09,68498.8828125,68492.6161893468,0.2212979830735754,59307.8068359375,50667.03875,0.03621597113709041,0,0.0,0.0,2.0,0.25,0.0,2.330075081569238,1.53431150501433,0.0
2024-03-10,69019.7890625,69041.73098354579,0.9530549524502526,60169.8390625,51214.1228125,0.035921638296843424,1,0.0,0.0,2.2,0.25,0.0,2.3477943584847614,1.53431150501433,0.0
2024-03-11,72123.90625,72098.93810741609,2.5145237245554646,61161.790625,51825.685234375,0.03650576632059855,0,1.0,0.09894347556345086,2.2,0.25,0.024735868890862715,2.4533847829105544,1.5722640332401068,0.04497430707429584
2024-03-12,71481.2890625,71507.6358829087,2.350112442840766,62143.89609375,52465.163671875,0.03651996139446706,1,0.0,-0.0,2.2,0.25,-0.0,2.4315253563899715,1.5722640332401068,-0.0
2024-03-13,73083.5,73073.4616007732,1.6044438647116992,63232.8224609375,53129.92265625,0.03596980606965138,0,1.0,0.049311702527049174,2.2,0.25,0.012327925631762294,2.4860265632360075,1.5916467873153854,0.022414410239567806
2024-03-14,71396.59375,71443.37011154453,2.196224065434476,64266.0546875,53756.313046875,0.0365796006054132,1,0.0,-0.0,2.2,0.25,-0.0,2.428644339516716,1.5916467873153854,-0.0
2024-03-15,69403.7734375,69450.10051528398,3.169824425576449,65157.68828125,54345.71234375,0.03798716638542026,1,1.0,-0.061406356483218086,2.2,0.25,-0.015351589120804521,2.3608560667515737,1.5672124798110711,-0.027911980219644583
2024-03-16,65315.1171875,65377.29629982929,1.533196779197679,65836.7822265625,54815.677265625,0.04143851180192052,0,1.0,-0.12960453451569584,2.2,0.25,-0.03240113362892396,2.2217753160288947,1.5164330188277955,-0.05891115205258901
2024-03-17,68390.625,68353.87616129107,1.4226957237205915,66530.193359375,55341.088671875,0.041106455498372205,0,0.0,0.0,2.2,0.25,0.0,2.326392556819427,1.5164330188277955,0.0
2024-03-18,67548.59375,67556.21599597717,1.6589860249374118,67053.3544921875,55851.348671875,0.04059890643818303,1,0.0,-0.0,2.2,0.25,-0.0,2.2977498118144006,1.5164330188277955,-0.0
2024-03-19,61912.7734375,62000.98262299286,2.9564162574384945,67023.7537109375,56223.83921875,0.04037012189950761,0,1.0,-0.1835538535915117,2.2,0.25,-0.04588846339787792,2.106040342474535,1.4468462377479827,-0.08343356981432348
2024-03-20,67913.671875,67836.15493925088,2.570466300820308,67359.5181640625,56723.06046875,0.04539694867685696,0,0.0,0.0,2.2,0.25,0.0,2.310168400365939,1.4468462377479827,0.0
2024-03-21,65491.390625,65546.07917879862,1.4103988241793377,67512.0560546875,57181.236171875,0.04619969994304178,1,0.0,-0.0,2.2,0.25,-0.0,2.2277714772419985,1.4468462377479827,-0.0
2024-03-22,63778.76171875,63807.21055115851,1.2503023148843764,67599.5017578125,57595.2959375,0.046627446215557214,1,1.0,-0.05753097556477483,2.2,0.25,-0.014382743891193707,2.169514265232402,1.4260366188605162,-0.02615044343853401
2024-03-23,64062.203125,64070.18391090135,0.383998311183447,67644.243359375,58012.8228125,0.046481061603920695,1,1.0,0.008888269342697708,2.0,0.25,0.002222067335674427,2.1791558787985075,1.429205368250762,0.004444134671348854
2024-03-24,67234.171875,67226.93868955635,0.5122979927419186,67589.43125,58497.66125,0.044057017220271485,0,1.0,0.10893055358061422,2.2,0.25,0.027232638395153556,2.2870543588966763,1.4681264012367472,0.04951388799118828
2024-03-25,69958.8125,69916.76703859078,1.317841515912765,67897.3119140625,59045.165859375,0.042010893068206226,0,0.0,0.0,2.2,0.25,0.0,2.3797364139299186,1.4681264012367472,0.0
2024-03-26,69987.8359375,69985.87512317766,0.9700283578299654,68091.3634765625,59591.74921875,0.041392545895961405,0,0.0,0.0,2.2,0.25,0.0,2.380723682418448,1.4681264012367472,0.0
2024-03-27,69455.34375,69468.14208111294,1.2204585312045004,68217.8564453125,60119.16265625,0.04141237513912623,1,0.0,-0.0,2.2,0.25,-0.0,2.3626102953633583,1.4681264012367472,-0.0
2024-03-28,70744.953125,70730.2423403698,0.8849930020928471,68340.0994140625,60647.697265625,0.04136991293120079,0,1.0,0.04084841384144764,2.2,0.25,0.01021210346036191,2.4064779694956617,1.4831190599390658,0.018567460837021654
2024-03-29,69892.828125,69885.98362863579,0.4095726566300761,68409.7966796875,61139.5225,0.04149839305251067,0,0.0,-0.0,2.0,0.25,-0.0,2.3774918729732253,1.4831190599390658,-0.0
2024-03-30,69645.3046875,69633.39153060029,-0.0115968722186305,68441.0724609375,61589.484609375,0.04149149028714343,0,0.0,-0.0,2.0,0.25,-0.0,2.369072053990165,1.4831190599390658,-0.0
2024-03-31,71333.6484375,71301.5834595001,0.1402570803027761,68401.5595703125,62060.73203125,0.04059120091234564,0,0.0,0.0,2.0,0.25,0.0,2.4265031760679734,1.4831190599390658,0.0
2024-04-01,69702.1484375,69721.19936699422,0.9109177645690424,68312.6025390625,62488.896640625,0.04087567918375398,1,0.0,-0.0,2.2,0.25,-0.0,2.3710056651671607,1.4831190599390658,-0.0
2024-04-02,65446.97265625,65502.005228249705,1.734045325852794,67930.776171875,62798.671640625,0.04263880936999422,1,1.0,-0.1343055691768827,2.2,0.25,-0.03357639229422067,2.2262605445390293,1.4333212725635158,-0.061047985989492126
2024-04-03,65980.8125,65975.93371336901,0.8908742567363465,67659.987109375,63123.4390625,0.04249975393963727,0,1.0,0.017945026463158032,2.2,0.25,0.004486256615789508,2.244419773805228,1.4397515196051056,0.008156830210526378
2024-04-04,68508.84375,68481.93837991895,0.8883531008804014,67615.240625,63457.08203125,0.043039825586397795,0,0.0,0.0,2.2,0.25,0.0,2.330413915303524,1.4397515196051056,0.0
2024-04-05,67837.640625,67850.77592791912,0.8524109436022431,67741.366796875,63775.06375,0.04083236404646627,1,0.0,-0.0,2.2,0.25,-0.0,2.3075821024035257,1.4397515196051056,-0.0
2024-04-06,68896.109375,68894.79685319249,0.1359336293244124,67766.641015625,64109.781875,0.03961934725627702,0,1.0,0.031205942313091928,2.0,0.25,0.007801485578272982,2.3435872393886896,1.4509837203216014,0.015602971156545964
2024-04-07,69362.5546875,69385.85468566466,0.2002556494156874,67857.3390625,64463.773046875,0.039508679692985695,1,0.0,0.0,2.0,0.25,0.0,2.359453959471498,1.4509837203216014,0.0
2024-04-08,71631.359375,71611.64966005758,1.035070510127036,68343.268359375,64853.949296875,0.03449807591248984,0,1.0,0.07196058932644123,2.2,0.25,0.017990147331610307,2.4366301855679406,1.4770871312259548,0.03270935878474601
2024-04-09,69139.015625,69175.49417298035,0.9916812389536356,68404.535546875,65201.14671875,0.028686051931769364,1,0.0,-0.0,2.2,0.5,-0.0,2.35184999897021,1.4770871312259548,-0.0
2024-04-10,70587.8828125,70579.975916813,1.0900351881527677,68659.36015625,65567.206875,0.02762137477803754,0,1.0,0.04610288103881306,2.2,0.5,0.02305144051940653,2.4011350265718723,1.5111361173733906,0.0209558550176423
2024-04-11,70060.609375,70073.9576086416,0.665506489723311,68973.4525390625,65931.63546875,0.026849006208418083,1,0.0,-0.0,2.2,0.5,-0.0,2.3831991618183537,1.5111361173733906,-0.0
2024-04-12,67195.8671875,67232.60480995761,1.3921468587806751,69130.1357421875,66249.453359375,0.028749383997318502,1,1.0,-0.08995686547295315,2.2,0.25,-0.022489216368238286,2.2857513770933773,1.4771518502679208,-0.04088948430588779
2024-04-13,63821.47265625,63852.3189586369,1.846582578685063,68959.50078125,66511.243828125,0.02886669265608144,1,1.0,-0.11047804395522375,2.2,0.25,-0.027619510988805936,2.170967131134634,1.436353638507311,-0.05021729270691988
2024-04-14,65738.7265625,65708.70040407508,1.649769894542223,68748.496484375,66794.596328125,0.02813594196597301,0,1.0,0.06608996029390318,2.2,0.5,0.03304498014695159,2.2361849181782962,1.483817915975787,0.03004089104268326
2024-04-15,63426.2109375,63446.695723825615,1.3644151022198547,68420.415234375,67028.45578125,0.029038020478216846,1,0.0,-0.0,2.2,0.25,-0.0,2.15752180993022,1.483817915975787,-0.0
2024-04-16,63811.86328125,63799.17848716023,1.3255045893339776,68138.2412109375,67214.245,0.0291222236652042,0,1.0,0.01337672775512413,2.2,0.25,0.0033441819387810324,2.1706402562380287,1.4887800730508327,0.006080330797783695
2024-04-17,61276.69140625,61315.638462891555,1.2770331325479958,67664.828125,67298.07140625,0.029675647689157397,0,0.0,-0.0,2.2,0.25,-0.0,2.08440321745884,1.4887800730508327,-0.0
2024-04-18,63512.75390625,63498.75870459585,0.9698136278184591,67345.8244140625,67318.230703125,0.03116576497623142,0,0.0,0.0,2.2,0.25,0.0,2.1604656771392863,1.4887800730508327,0.0
2024-04-19,63843.5703125,63837.77067172257,1.6932409545276548,67055.7376953125,67371.134453125,0.031238432352753944,0,0.0,0.0,2.2,0.25,0.0,2.171718810520854,1.4887800730508327,0.0
2024-04-20,64994.44140625,64992.601107812094,0.2986539876328618,66738.77734375,67422.210625,0.03097382254801335,0,0.0,0.0,2.0,0.25,0.0,2.210867128676429,1.4887800730508327,0.0
2024-04-21,64926.64453125,64942.12155655661,0.163950163022409,66500.0021484375,67480.1465625,0.030663627253732322,0,0.0,-0.0,2.0,0.25,-0.0,2.2085609332676923,1.4887800730508327,-0.0
2024-04-22,66837.6796875,66827.88507572805,0.5682446443210493,66569.5375,67553.552734375,0.02824171233008434,0,0.0,0.0,2.2,0.5,0.0,2.2735671817603804,1.4887800730508327,0.0
2024-04-23,66407.2734375,66407.1097723882,0.3617461567653834,66590.860546875,67515.089921875,0.02824742861770096,0,0.0,-0.0,2.0,0.5,-0.0,2.2589263754158186,1.4887800730508327,-0.0
2024-04-24,64276.8984375,64303.109256354335,0.6719156967236095,66379.26328125,67524.60390625,0.02769466653401247,0,0.0,-0.0,2.2,0.5,-0.0,2.18645900809414,1.4887800730508327,-0.0
2024-04-25,64481.70703125,64468.012154412194,0.7696161196267047,66211.4666015625,67492.101953125,0.02767456919062279,0,0.0,0.0,2.2,0.5,0.0,2.193425828298995,1.4887800730508327,0.0
2024-04-26,63755.3203125,63757.89555932065,0.3528241371692728,65954.4271484375,67428.698671875,0.027417510602776193,0,0.0,-0.0,2.0,0.5,-0.0,2.1687168765110494,1.4887800730508327,-0.0
2024-04-27,63419.140625,63406.37570810305,0.1132128399674412,65657.2564453125,67331.079609375,0.027311890438574512,0,0.0,-0.0,2.0,0.5,-0.0,2.1572813044168644,1.4887800730508327,-0.0
2024-04-28,63113.23046875,63105.12011884902,-0.0009599650185408,65231.35,67223.3665625,0.025901723874084872,0,0.0,-0.0,2.0,0.5,-0.0,2.1468753882469875,1.4887800730508327,-0.0
2024-04-29,63841.12109375,63827.98815531186,0.4826250067040828,64966.4552734375,67119.793203125,0.025253515835331027,0,0.0,0.0,2.2,0.5,0.0,2.171635497285012,1.4887800730508327,0.0
2024-04-30,60636.85546875,60678.31309670543,1.065195246440769,64468.90390625,66890.0521875,0.026577986099102526,0,0.0,-0.0,2.2,0.5,-0.0,2.0626383986319095,1.4887800730508327,-0.0
2024-05-01,58254.01171875,58290.11493413478,1.6162587740459264,63878.5740234375,66625.506640625,0.027528920197430667,0,0.0,-0.0,2.2,0.5,-0.0,1.9815829913437952,1.4887800730508327,-0.0
2024-05-02,59123.43359375,59117.63475837682,0.7985252418836317,63474.95234375,66346.3053125,0.02692946404602205,0,0.0,0.0,2.2,0.5,0.0,2.0111574626801225,1.4887800730508327,0.0
2024-05-03,62889.8359375,62842.483378104196,0.8224526024805642,63428.3705078125,66176.17015625,0.029055543976757792,0,0.0,0.0,2.2,0.25,0.0,2.139276344156747,1.4887800730508327,0.0
2024-05-04,63891.47265625,63874.69209239559,0.1698686124021735,63336.0078125,66065.924140625,0.0284439200622716,0,0.0,0.0,2.0,0.5,0.0,2.1733482685928376,1.4887800730508327,0.0
2024-05-05,64031.1328125,64036.95955606204,0.049022169434644,63366.25390625,66040.244453125,0.02728729675954214,0,0.0,0.0,2.0,0.5,0.0,2.178098983299484,1.4887800730508327,0.0
2024-05-06,63161.94921875,63183.60819791208,0.589834041933944,63333.758203125,65935.6709375,0.027441670447994303,0,0.0,-0.0,2.2,0.5,-0.0,2.148532617397585,1.4887800730508327,-0.0
2024-05-07,62334.81640625,62345.26101482428,0.4459610033451793,63386.664453125,65831.395390625,0.02603008956243574,0,0.0,-0.0,2.2,0.5,-0.0,2.120396661358272,1.4887800730508327,-0.0
2024-05-08,61187.94140625,61188.37090187198,0.4541467392162365,63270.423828125,65816.89875,0.02498336354525294,0,0.0,-0.0,2.2,0.5,-0.0,2.0813842753243343,1.4887800730508327,-0.0
2024-05-09,63049.9609375,63012.92991539209,0.4211402413933243,63230.743359375,65719.62453125,0.025960895106498967,0,0.0,0.0,2.2,0.5,0.0,2.144723196092384,1.4887800730508327,0.0
2024-05-10,60792.77734375,60815.11081305226,0.5434062487567649,63020.66015625,65625.652265625,0.026738717387057215,0,0.0,-0.0,2.2,0.5,-0.0,2.067942276019276,1.4887800730508327,-0.0
2024-05-11,60793.7109375,60783.417487557366,-0.1825460154700203,62814.0134765625,65565.95125,0.026743836873721318,0,0.0,0.0,2.0,0.5,0.0,2.0679740333771166,1.4887800730508327,0.0
2024-05-12,61448.39453125,61425.02131352892,-0.1847199997612124,62544.54921875,65513.675078125,0.025865744727155776,0,0.0,0.0,2.0,0.5,0.0,2.0902439137820963,1.4887800730508327,0.0
2024-05-13,62901.44921875,62872.14560164543,0.5477853794061268,62369.2580078125,65427.020625,0.026574121287346233,0,0.0,0.0,2.2,0.5,0.0,2.1396713844281328,1.4887800730508327,0.0
2024-05-14,61552.7890625,61559.81491973932,0.5632317968668155,62233.0525390625,65258.90015625,0.026049448173098465,0,0.0,-0.0,2.2,0.5,-0.0,2.093795024193394,1.4887800730508327,-0.0
2024-05-15,66267.4921875,66202.32148328946,1.167845095262172,62322.341796875,65184.49328125,0.03141460588384533,0,0.0,0.0,2.2,0.25,0.0,2.2541715415539727,1.4887800730508327,0.0
2024-05-16,65231.58203125,65246.26813948936,0.739319734088666,62396.1548828125,65100.018046875,0.03152539313582086,0,0.0,-0.0,2.2,0.25,-0.0,2.2189337633199875,1.4887800730508327,-0.0
2024-05-17,67051.875,67024.25127124331,0.555173391391658,62577.7916015625,65026.156484375,0.03201328112337958,0,0.0,0.0,2.2,0.25,0.0,2.2808533029313116,1.4887800730508327,0.0
2024-05-18,66940.8046875,66932.94789269246,-0.03332781648842,62769.1703125,64967.116015625,0.03197895689278502,0,0.0,-0.0,2.0,0.25,-0.0,2.2770751074800546,1.4887800730508327,-0.0
2024-05-19,66278.3671875,66295.01258670815,0.0985672003173722,62891.0326171875,64899.777265625,0.03205199342806783,0,0.0,-0.0,2.0,0.25,-0.0,2.2545414682662286,1.4887800730508327,-0.0
2024-05-20,71448.1953125,71355.84376450576,1.3776595259808893,63431.599609375,64902.068203125,0.033762819812070945,0,0.0,0.0,2.2,0.25,0.0,2.4303996311362965,1.4887800730508327,0.0
2024-05-21,70136.53125,70140.14946830709,1.5378660859710669,64025.7255859375,64910.755859375,0.03249485535362087,0,0.0,-0.0,2.2,0.25,-0.0,2.3857817392534906,1.4887800730508327,-0.0
2024-05-22,69122.3359375,69118.04284175523,0.8032434494649043,64525.670703125,64984.263125,0.032913179937705386,0,0.0,-0.0,2.2,0.25,-0.0,2.35128261856025,1.4887800730508327,-0.0
2024-05-23,67929.5625,67934.79184837433,1.276015847108332,64777.65703125,65023.238125,0.03064661328954816,0,0.0,-0.0,2.2,0.25,-0.0,2.310708939829109,1.4887800730508327,-0.0
2024-05-24,68526.1015625,68513.08825932538,0.6157979401238224,65009.3884765625,65023.58328125,0.03054536598956967,0,0.0,0.0,2.2,0.25,0.0,2.3310009613576748,1.4887800730508327,0.0
2024-05-25,69265.9453125,69239.90936764343,-0.097756998217475,65271.1291015625,65052.149375,0.0305800303352091,0,0.0,0.0,2.0,0.25,0.0,2.356167670876843,1.4887800730508327,0.0
2024-05-26,68518.09375,68529.17212702404,-0.0896793670729525,65538.936328125,65044.5890625,0.030500456560509495,0,0.0,-0.0,2.0,0.25,-0.0,2.330728565610503,1.4887800730508327,-0.0
2024-05-27,69394.5546875,69391.40089020351,0.4428549681655977,65891.9232421875,65045.2290625,0.030262474351328235,0,0.0,0.0,2.2,0.25,0.0,2.3605424794523926,1.4887800730508327,0.0
2024-05-28,68296.21875,68324.44729270157,0.7990686867569893,66247.337109375,64978.52625,0.030159540882549955,1,0.0,-0.0,2.2,0.25,-0.0,2.323181210274237,1.4887800730508327,-0.0
2024-05-29,67578.09375,67593.43027687047,0.4863248237488572,66473.74375,64947.3078125,0.02979641715761676,1,1.0,-0.023132686244068324,2.2,0.25,-0.005783171561017081,2.2987532911717876,1.4801702024717562,-0.01051485738366742
2024-05-30,68364.9921875,68363.0322960067,0.632040569741241,66852.3544921875,64902.85,0.02832298253308196,0,1.0,0.025617422250831013,2.2,0.5,0.012808711125415507,2.325520624676531,1.499129275011665,0.011644282841286824
2024-05-31,67491.4140625,67517.27928730116,0.5216905669375025,67187.2396484375,64851.46609375,0.02861430546850387,1,0.0,-0.0,2.2,0.5,-0.0,2.2958047733036233,1.499129275011665,-0.0
2024-06-01,67706.9375,67712.15089305816,-0.2969695439731333,67500.166796875,64861.6875,0.02859263317361817,0,1.0,0.006386692010939665,2.0,0.5,0.0031933460054698326,2.303136072305791,1.5039165134937063,0.0031933460054698326
2024-06-02,67751.6015625,67758.456704753,-0.0126187016833773,67742.6744140625,64940.290078125,0.02827389316878194,1,0.0,0.0,2.0,0.5,0.0,2.304655376195137,1.5039165134937063,0.0
2024-06-03,68804.78125,68788.22948019297,0.7823801574558441,68105.2740234375,65001.611171875,0.027720419762599435,0,1.0,0.03419838437859793,2.2,0.5,0.017099192189298965,2.3404805991111934,1.5296322709945955,0.015544720172089965
2024-06-04,70567.765625,70536.56924005422,0.8212917957155618,68320.2876953125,65144.442265625,0.022786101716079126,0,0.0,0.0,2.2,0.5,0.0,2.400450715304589,1.5296322709945955,0.0
2024-06-05,70849.0234375,70839.78233115235,1.0034545008250348,68601.159765625,65285.18546875,0.022342142971046586,0,0.0,0.0,2.2,0.5,0.0,2.4100180512011,1.5296322709945955,0.0
