Date,Actual Price,Predictions,Volume,Signal,Stop Loss,Take Profit,Market Return,Strategy Return,Cumulative Market Returns,Cumulative Strategy Returns,Signal Result
2023-08-11,29397.71484375,29397.92070416527,-0.3721674663013175,0,29250.72626953125,38217.029296875,,0.0,,1.0,
2023-08-12,29415.96484375,29415.325125319498,-0.580178883623668,0,29268.88501953125,38240.754296875,0.0006207965516027425,0.0,1.0006207965516027,1.0,0.0
2023-08-13,29282.9140625,29281.96512399053,-0.5211395637273627,0,29136.4994921875,38067.78828125,-0.004523080645381872,-0.0,0.9960949079933537,1.0,-0.0
2023-08-14,29408.443359375,29405.346348568903,-0.1736333699338468,0,29261.401142578125,38230.976367187504,0.004286776125049352,0.0,1.0003649438632227,1.0,0.0
2023-08-15,29170.34765625,29170.42482154192,-0.2450448014664776,0,29024.49591796875,37921.451953125004,-0.008096168172366025,-0.0,0.9922658210439665,1.0,-0.0
2023-08-16,28701.779296875,28704.799109868374,-0.1249905687545515,0,28558.270400390626,37312.3130859375,-0.016063173634291772,-0.0,0.9763268828691642,1.0,-0.0
2023-08-17,26664.55078125,26686.556969294077,0.7158074129239198,1,26531.22802734375,34663.916015625,-0.07097917151940503,-0.0,0.9070280095909877,1.0,-0.0
2023-08-18,26049.556640625,26053.8351863032,0.3469419117771029,1,25919.308857421875,33864.423632812504,-0.02306411031148714,-0.02306411031148714,0.8861082155221726,0.9769358896885129,-0.02306411031148714
2023-08-19,26096.205078125,26090.477563553493,-0.3494844834222889,0,25965.724052734375,33925.0666015625,0.0017907574452629138,0.0017907574452629138,0.8876950204064276,0.9786853449065172,0.0017907574452629138
2023-08-20,26189.583984375,26183.645013894704,-0.4324051367233574,0,26058.636064453123,34046.4591796875,0.00357825614760654,0.0,0.8908714205703966,0.9786853449065172,0.0
2023-08-21,26124.140625,26120.83293267263,-0.2070195858920702,0,25993.519921875,33961.3828125,-0.002498831574187843,-0.0,0.8886452829361337,0.9786853449065172,-0.0
2023-08-22,26031.65625,26033.00376052307,-0.1481506115125608,0,25901.497968749998,33841.153125000004,-0.0035401882238949023,-0.0,0.8854993113702634,0.9786853449065172,-0.0
2023-08-23,26431.640625,26425.041621737393,-0.019134516395242,0,26299.482421875,34361.1328125,0.015365306423789304,0.0,0.8991052796275218,0.9786853449065172,0.0
2023-08-24,26162.373046875,26163.36546799309,-0.2330170926477054,0,26031.561181640624,34011.0849609375,-0.01018731988472621,-0.0,0.8899458065339101,0.9786853449065172,-0.0
2023-08-25,26047.66796875,26047.0155120685,-0.2572188383641764,0,25917.42962890625,33861.968359375,-0.004384352975912553,-0.0,0.8860439699886322,0.9786853449065172,-0.0
2023-08-26,26008.462890625,26009.20188445751,-0.5884737748821316,0,25878.420576171873,33811.001757812504,-0.0015051281432193475,-0.0,0.8847103602732725,0.9786853449065172,-0.0
2023-08-27,26089.693359375,26086.29898926937,-0.5427750548746313,0,25959.244892578125,33916.601367187504,0.0031232321991347956,0.0,0.8874735161573861,0.9786853449065172,0.0
2023-08-28,26106.150390625,26098.410519386878,-0.3301765437962916,0,25975.619638671877,33937.9955078125,0.0006307866874213364,0.0,0.8880333226368172,0.9786853449065172,0.0
2023-08-29,27727.392578125,27696.881864740208,0.6246929718566417,-1,27588.755615234375,36045.6103515625,0.062101924766441385,0.0,0.9431819012293018,0.9786853449065172,0.0
2023-08-30,27297.265625,27295.2609735927,-0.0524933396259516,0,27160.779296875,35486.4453125,-0.015512708305083889,0.015512708305083889,0.9285505955168972,0.9938674051845123,0.015512708305083889
2023-08-31,25931.47265625,25945.193981599867,0.1470192059432823,1,25801.81529296875,33710.914453125,-0.0500340578984273,-0.0,0.8820914412591856,0.9938674051845123,-0.0
2023-09-01,25800.724609375,25797.947708809552,-0.0078211721178507,-1,25671.720986328124,33540.9419921875,-0.005042060225742162,-0.005042060225742162,0.8776438830877451,0.9888562658711699,-0.005042060225742162
2023-09-02,25868.798828125,25865.081519331517,-0.3770953363583087,0,25739.454833984375,33629.4384765625,0.0026384615075991658,-0.0026384615075991658,0.879959512690652,0.9862472066771206,-0.0026384615075991658
2023-09-03,25969.56640625,25960.5569727251,-0.4362554748719658,0,25839.71857421875,33760.436328125004,0.0038953327054152,0.0,0.8833872477598771,0.9862472066771206,0.0
2023-09-04,25812.416015625,25811.719387558962,-0.3469269137547767,0,25683.353935546875,33556.1408203125,-0.006051329012069284,-0.0,0.8780415808786157,0.9862472066771206,-0.0
2023-09-05,25779.982421875,25783.373122223347,-0.3253966360929292,0,25651.082509765623,33513.9771484375,-0.0012565113521479931,-0.0,0.8769383116645838,0.9862472066771206,-0.0
2023-09-06,25753.236328125,25752.81847094054,-0.2391951686580722,0,25624.470146484375,33479.2072265625,-0.0010374752516241204,-0.0,0.8760285098690308,0.9862472066771206,-0.0
2023-09-07,26240.1953125,26229.95813121812,-0.325731099590005,0,26108.9943359375,34112.25390625,0.018908652030005024,0.0,0.8925930281305081,0.9862472066771206,0.0
2023-09-08,25905.654296875,25909.258462525737,-0.3398184560175716,0,25776.126025390626,33677.3505859375,-0.012749181613965876,-0.0,0.8812131975075125,0.9862472066771206,-0.0
2023-09-09,25895.677734375,25898.609819727688,-0.6172516914433399,0,25766.199345703124,33664.3810546875,-0.0003851113886439439,-0.0,0.880873832269329,0.9862472066771206,-0.0
2023-09-10,25832.2265625,25833.86697563299,-0.4915218316473811,0,25703.0654296875,33581.89453125,-0.0024502611024840304,-0.0,0.8787154613819235,0.9862472066771206,-0.0
2023-09-11,25162.654296875,25170.51850995805,-0.1431496903174366,0,25036.841025390626,32711.450585937502,-0.02592003689674205,-0.0,0.8559391242011662,0.9862472066771206,-0.0
2023-09-12,25833.34375,25817.05722802716,0.0677973523012033,-1,25704.17703125,33583.346875,0.026654161568650414,0.0,0.8787534639105533,0.9862472066771206,0.0
2023-09-13,26228.32421875,26218.006895141247,-0.2225902897021064,0,26097.18259765625,34096.821484375,0.01528956036711282,-0.01528956036711282,0.8921892180448232,0.9711679204737343,-0.01528956036711282
2023-09-14,26539.673828125,26532.40972380835,-0.1841532980456851,0,26406.975458984376,34501.575976562504,0.011870739692642074,0.0,0.9027801640088152,0.9711679204737343,0.0
2023-09-15,26608.693359375,26604.36570173495,-0.3053798126443328,0,26475.649892578123,34591.3013671875,0.0026006171627044328,0.0,0.9051279495974857,0.9711679204737343,0.0
2023-09-16,26568.28125,26567.601301828963,-0.5173891371469939,0,26435.43984375,34538.765625,-0.001518755875352329,-0.0,0.9037532812060889,0.9711679204737343,-0.0
2023-09-17,26534.1875,26530.82708427964,-0.5500309964801128,0,26401.5165625,34494.44375,-0.0012832501161511578,-0.0,0.9025935397030092,0.9711679204737343,-0.0
2023-09-18,26754.28125,26748.40864825231,-0.0903601588192952,0,26620.50984375,34780.565625,0.008294723552398242,0.0,0.9100803035950262,0.9711679204737343,0.0
2023-09-19,27211.1171875,27203.37186252649,-0.1843440357316143,0,27075.0616015625,35374.45234375,0.017075246134672373,0.0,0.9256201487812287,0.9711679204737343,0.0
2023-09-20,27132.0078125,27132.599022779345,-0.2117218386410447,0,26996.3477734375,35271.610156250004,-0.00290724465500225,-0.0,0.9229291445511221,0.9711679204737343,-0.0
2023-09-21,26567.6328125,26572.793075197733,-0.2070255226355209,0,26434.7946484375,34537.922656250004,-0.02080107760178318,-0.0,0.9037312237943668,0.9711679204737343,-0.0
2023-09-22,26579.568359375,26577.98096381729,-0.3522243282452076,0,26446.670517578124,34553.4388671875,0.0004492514240630463,0.0,0.9041372263336266,0.9711679204737343,0.0
2023-09-23,26579.390625,26577.8460376085,-0.5172503756668728,0,26446.493671875,34553.207812500004,-6.686879658768241e-06,-0.0,0.9041311804767991,0.9711679204737343,-0.0
2023-09-24,26256.826171875,26258.901597354277,-0.4762717220701923,0,26125.542041015626,34133.8740234375,-0.01213588594546644,-0.0,0.8931587475907927,0.9711679204737343,-0.0
2023-09-25,26298.48046875,26298.86904931596,-0.2784427214686203,0,26166.98806640625,34188.024609375,0.0015864178176880905,0.0,0.8945756705419947,0.9711679204737343,0.0
2023-09-26,26217.25,26220.04880104738,-0.3830686986262855,0,26086.16375,34082.425,-0.0030887894396227633,-0.0,0.8918125146578811,0.9711679204737343,-0.0
2023-09-27,26352.716796875,26350.72330440842,-0.2929720937533533,0,26220.953212890625,34258.5318359375,0.005167086436411061,0.0,0.8964205870061915,0.9711679204737343,0.0
2023-09-28,27021.546875,27011.507683614815,-0.1702378863147983,0,26886.439140625,35128.0109375,0.02537992888096885,0.0,0.919171677751845,0.9711679204737343,0.0
2023-09-29,26911.720703125,26914.37047122591,-0.3617031179832242,0,26777.162099609373,34985.2369140625,-0.004064392478456136,-0.0,0.9154358032983806,0.9711679204737343,-0.0
2023-09-30,26967.916015625,26969.039250599682,-0.6250578880846708,0,26833.076435546875,35058.290820312504,0.0020881352448591795,0.0,0.9173473570636539,0.9711679204737343,0.0
2023-10-01,27983.75,27970.184665922432,-0.4081071995413805,0,27843.83125,36378.875,0.037668241913332734,0.0,0.951902219228084,0.9711679204737343,0.0
2023-10-02,27530.78515625,27535.11681637469,0.1268482574389688,1,27393.13123046875,35790.020703125,-0.016186709920936293,-0.0,0.9364940541323435,0.9711679204737343,-0.0
2023-10-03,27429.978515625,27427.09341892699,-0.3091191837850172,0,27292.828623046877,35658.9720703125,-0.003661597010505724,-0.003661597010505724,0.9330649903033762,0.9676118949194287,-0.003661597010505724
2023-10-04,27799.39453125,27791.588794026706,-0.3228690150435582,0,27660.39755859375,36139.212890625,0.013467601347721292,0.0,0.9456311376242975,0.9676118949194287,0.0
2023-10-05,27415.912109375,27419.92714245495,-0.284711934354794,0,27278.832548828126,35640.6857421875,-0.01379463216164356,-0.0,0.9325865039201738,0.9676118949194287,-0.0
2023-10-06,27946.59765625,27934.186734736537,-0.2007371607686593,0,27806.864667968748,36330.576953125004,0.01935684447622399,0.0,0.9506384358371821,0.9676118949194287,0.0
2023-10-07,27968.83984375,27966.5861377992,-0.5615299490887732,0,27828.99564453125,36359.491796875,0.0007958817661306572,0.0,0.9513950316344479,0.9676118949194287,0.0
2023-10-08,27935.08984375,27936.48321176174,-0.4906212079868189,0,27795.41439453125,36315.616796875,-0.001206700034343422,-0.0,0.9502469832171004,0.9676118949194287,-0.0
2023-10-09,27583.677734375,27588.11425702898,-0.2779313607980889,0,27445.759345703125,35858.781054687504,-0.012579594744121514,-0.0,0.9382932612614053,0.9676118949194287,-0.0
2023-10-10,27391.01953125,27395.974886678705,-0.3837002744912632,0,27254.06443359375,35608.325390625,-0.006984500217130485,-0.0,0.9317397517743929,0.9676118949194287,-0.0
2023-10-11,26873.3203125,26881.48517727424,-0.1926418138638364,0,26738.9537109375,34935.31640625,-0.018900326735168282,-0.0,0.9141295660337123,0.9676118949194287,-0.0
2023-10-12,26756.798828125,26759.13387274001,-0.4138787706074595,0,26623.014833984376,34783.8384765625,-0.0043359541366684295,-0.0,0.9101659421604176,0.9676118949194287,-0.0
2023-10-13,26862.375,26861.462512927224,-0.1137580979643376,0,26728.063125,34921.0875,0.003945769916393171,0.0,0.9137572475539198,0.9676118949194287,0.0
2023-10-14,26861.70703125,26863.71879522155,-0.6220972382072149,0,26727.39849609375,34920.219140625,-2.4866332556272575e-05,-0.0,0.9137345257623265,0.9676118949194287,-0.0
2023-10-15,27159.65234375,27153.953728578737,-0.5331859355025835,0,27023.85408203125,35307.548046875,0.011091823470242623,0.0,0.9238695078207481,0.9676118949194287,0.0
2023-10-16,28519.466796875,28500.746384350055,0.5449099626761525,-1,28376.869462890623,37075.3068359375,0.05006744695824206,0.0,0.9701252953999006,0.9676118949194287,0.0
2023-10-17,28415.748046875,28417.013131899934,-0.128980688212705,0,28273.669306640626,36940.472460937504,-0.0036367703063566736,0.0036367703063566736,0.9665971725321447,0.9711308771269491,0.0036367703063566736
2023-10-18,28328.341796875,28329.107972096157,-0.2406809398186754,0,28186.700087890626,36826.8443359375,-0.0030759792019486865,-0.0,0.9636239397327735,0.9711308771269491,-0.0
2023-10-19,28719.806640625,28714.846138875255,-0.1510498340196556,0,28576.207607421875,37335.7486328125,0.013818840741083749,0.0,0.9769401054902364,0.9711308771269491,0.0
2023-10-20,29682.94921875,29668.29027159479,0.2174752397466419,-1,29534.53447265625,38587.833984375,0.033535830870205396,0.0,1.0097026036382775,0.9711308771269491,0.0
2023-10-21,29918.412109375,29909.572479176346,-0.3021869012558646,0,29768.820048828125,38893.9357421875,0.007932597562652743,-0.007932597562652743,1.0177121680509027,0.963427286698035,-0.007932597562652743
2023-10-22,29993.896484375,29990.144416689123,-0.359099099985723,0,29843.927001953125,38992.0654296875,0.002523007395046406,0.0,1.020279863376924,0.963427286698035,0.0
2023-10-23,33086.234375,33038.92363653074,1.092373310857223,-1,32920.803203125,43012.1046875,0.10309890521346299,0.0,1.1254696003024263,0.963427286698035,0.0
2023-10-24,33901.52734375,33883.65869729958,1.4340370861931475,-1,33732.01970703125,44071.985546875,0.02464145540134477,-0.02464145540134477,1.1532028092638478,0.9396870361804268,-0.02464145540134477
2023-10-25,34502.8203125,34487.6357589844,0.4107927212297675,-1,34330.3062109375,44853.66640625,0.017736456610143003,-0.017736456610143003,1.173656540853051,0.9230203178360988,-0.017736456610143003
2023-10-26,34156.6484375,34160.486355796886,0.1078270766895473,1,33985.8651953125,44403.64296875,-0.010033147199696724,0.010033147199696724,1.1618810720167856,0.9322811165532594,0.010033147199696724
2023-10-27,33909.80078125,33918.72566199814,-0.0486262735191956,0,33740.25177734375,44082.741015625004,-0.007226928505637331,-0.007226928505637331,1.153484240577267,0.9255435875767732,-0.007226928505637331
2023-10-28,34089.57421875,34084.628534751304,-0.3739787422137389,0,33919.12634765625,44316.446484375,0.005301518539129857,0.0,1.1595994586632814,0.9255435875767732,0.0
2023-10-29,34538.48046875,34533.38991189195,-0.3219867743607828,0,34365.78806640625,44900.024609375,0.013168432293093613,0.0,1.174869565621797,0.9255435875767732,0.0
2023-10-30,34502.36328125,34507.42892508697,-0.0087571330369314,1,34329.85146484375,44853.072265625,-0.0010457086417764438,-0.0,1.173640994364066,0.9255435875767732,-0.0
2023-10-31,34667.78125,34674.47117507273,-0.0829288359805324,0,34494.44234375,45068.115625,0.004794395311462418,0.004794395311462418,1.179267893244785,0.9299810094136054,0.004794395311462418
2023-11-01,35437.25390625,35434.56003924688,0.2647958852398082,-1,35260.06763671875,46068.430078125,0.022195613001625203,0.0,1.2054424670284882,0.9299810094136054,0.0
2023-11-02,34938.2421875,34955.33511861619,0.1895051018143953,1,34763.5509765625,45419.71484375,-0.014081557224217889,0.014081557224217889,1.1884679599485242,0.943076590215099,0.014081557224217889
2023-11-03,34732.32421875,34746.763951296685,-0.0101299182756995,1,34558.66259765625,45152.021484375,-0.005893770145759425,-0.005893770145759425,1.181463402966988,0.9375183135625247,-0.005893770145759425
2023-11-04,35082.1953125,35092.188453570496,-0.405124044838721,0,34906.7843359375,45606.85390625,0.010073356782761111,0.010073356782761111,1.1933647053508494,0.9469622700254126,0.010073356782761111
2023-11-05,35049.35546875,35065.765260693646,-0.2568705481325926,0,34874.10869140625,45564.162109375,-0.0009360829177728069,-0.0,1.1922476170354974,0.9469622700254126,-0.0
2023-11-06,35037.37109375,35048.27479719965,-0.2422766968400673,0,34862.18423828125,45548.582421875,-0.0003419285416157436,-0.0,1.1918399535465596,0.9469622700254126,-0.0
2023-11-07,35443.5625,35448.4028325392,0.0770238302086007,1,35266.3446875,46076.63125,0.011593090279608864,0.0,1.2056570617268696,0.9469622700254126,0.0
2023-11-08,35655.27734375,35660.72865523996,-0.0030101822077194,1,35477.00095703125,46351.860546875,0.005973294692089626,0.005973294692089626,1.212858806654163,0.9526187547265645,0.005973294692089626
2023-11-09,36693.125,36682.8094509677,1.0611311274005186,-1,36509.659375,47701.0625,0.029107827327892632,0.029107827327892632,1.2481624913713663,0.9803474169484575,0.029107827327892632
2023-11-10,37313.96875,37307.81845596552,0.2785734948009336,-1,37127.39890625,48508.159375,0.01691989303173269,-0.01691989303173269,1.2692812672115907,0.9637600435197542,-0.01691989303173269
2023-11-11,37138.05078125,37142.31815215244,-0.178282687894546,0,36952.36052734375,48279.466015625,-0.0047145338500075296,0.0047145338500075296,1.2632971977121412,0.9683037228682129,0.0047145338500075296
2023-11-12,37054.51953125,37057.06092811423,-0.301949348174143,0,36869.24693359375,48170.875390625,-0.002249209321512735,-0.0,1.2604557778792063,0.9683037228682129,-0.0
2023-11-13,36502.35546875,36511.71648867399,0.088616818577053,1,36319.84369140625,47453.062109375,-0.014901395821212304,-0.0,1.241673227417894,0.9683037228682129,-0.0
2023-11-14,35537.640625,35550.41070231922,0.3381638931355144,1,35359.952421875,46198.9328125,-0.026428838121854925,-0.026428838121854925,1.2088572466902254,0.9427125805237394,-0.026428838121854925
2023-11-15,37880.58203125,37845.963362361,0.5205747030127719,-1,37691.17912109375,49244.756640625004,0.06592844558740318,0.06592844558740318,1.28855532590158,1.0048641555933593,0.06592844558740318
2023-11-16,36154.76953125,36178.387918998706,0.4499464428703164,1,35973.99568359375,47001.200390625,-0.04555929205565723,0.04555929205565723,1.2298496574789575,1.0506450551342987,0.04555929205565723
2023-11-17,36596.68359375,36591.98159661732,0.2647312288862006,-1,36413.70017578125,47575.688671875,0.012222842746045792,0.012222842746045792,1.2448819164436011,1.063486924425116,0.012222842746045792
2023-11-18,36585.703125,36587.87577695632,-0.2842560112270106,0,36402.774609375,47561.4140625,-0.000300039994658885,0.000300039994658885,1.2445084020800405,1.0638060130362403,0.000300039994658885
2023-11-19,37386.546875,37381.98718069652,-0.2307057983460854,0,37199.614140625,48602.5109375,0.021889527372586093,0.0,1.2717501028127849,1.0638060130362403,0.0
2023-11-20,37476.95703125,37472.99993084516,0.183788573097414,-1,37289.57224609375,48720.044140625,0.0024182537251242753,0.0,1.2748255172363392,1.0638060130362403,0.0
2023-11-21,35813.8125,35845.885392518365,0.4065213307887606,1,35634.7434375,46557.95625,-0.04437779006078835,0.04437779006078835,1.218251578068289,1.1110153729481667,0.04437779006078835
2023-11-22,37432.33984375,37416.176036482975,0.3662316528940768,-1,37245.17814453125,48662.041796875004,0.045192824521265385,0.045192824521265385,1.273307807858684,1.1612252957382414,0.045192824521265385
2023-11-23,37289.62109375,37295.84088481228,-0.1631697633902319,0,37103.17298828125,48476.507421875,-0.003812712499291715,0.003812712499291715,1.2684530512642154,1.1656527139377963,0.003812712499291715
2023-11-24,37720.28125,37711.785475617275,0.2895798884630223,-1,37531.67984375,49036.365625,0.011549062275727495,0.0,1.2831024945471023,1.1656527139377963,0.0
2023-11-25,37796.79296875,37796.70231526294,-0.429130101536318,0,37607.80900390625,49135.830859375004,0.0020283973558654633,-0.0020283973558654633,1.2857051362543461,1.1632883070549875,-0.0020283973558654633
2023-11-26,37479.12109375,37489.93735500136,-0.1876140659816235,0,37291.72548828125,48722.857421875,-0.008404730932136117,-0.0,1.2748991305260629,1.1632883070549875,-0.0
2023-11-27,37254.16796875,37254.55283121447,0.0857683115139155,1,37067.89712890625,48430.418359375,-0.006002091789647501,-0.0,1.2672470689221036,1.1632883070549875,-0.0
2023-11-28,37831.0859375,37821.4785436749,0.2257946241727342,-1,37641.930507812496,49180.41171875,0.01548599794884531,0.01548599794884531,1.2868716544321115,1.1813029873919567,0.01548599794884531
2023-11-29,37858.4921875,37855.48660839068,0.1754873534373273,-1,37669.1997265625,49216.039843750004,0.0007244373065387055,-0.0007244373065387055,1.2878039122673093,1.1804472074375643,-0.0007244373065387055
2023-11-30,37712.74609375,37717.64983611766,0.0396540793600243,1,37524.18236328125,49026.569921875,-0.0038497596002547985,0.0038497596002547985,1.2828461767928125,1.184991645406991,0.0038497596002547985
2023-12-01,38688.75,38676.57088907171,0.3202463219281607,-1,38495.30625,50295.375,0.025879947957747618,0.025879947957747618,1.3160461690860061,1.2156591675204897,0.025879947957747618
2023-12-02,39476.33203125,39468.31502511904,-0.0945873449189923,0,39278.95037109375,51319.231640625,0.020356874575942596,-0.020356874575942596,1.3428367558862397,1.1909121463201804,-0.020356874575942596
2023-12-03,39978.390625,39971.10068379622,-0.0823347970652927,0,39778.498671875,51971.9078125,0.012717964611113297,0.0,1.3599149062261031,1.1909121463201804,0.0
2023-12-04,41980.09765625,41949.90816254869,1.169974843964668,-1,41770.19716796875,54574.126953125,0.05006972516793251,0.0,1.4280054718326187,1.1909121463201804,0.0
2023-12-05,44080.6484375,44052.978717410464,0.9857153343605468,-1,43860.2451953125,57304.84296875,0.05003682455553493,-0.05003682455553493,1.4994583310910514,1.131322684193702,-0.05003682455553493
2023-12-06,43746.4453125,43749.81997447294,0.6528400494400722,1,43527.7130859375,56870.37890625,-0.007581629055975703,0.007581629055975703,1.4880899942398267,1.1398999531278695,0.007581629055975703
2023-12-07,43292.6640625,43298.06757198821,0.5346094583907872,1,43076.2007421875,56280.46328125,-0.010372985662227885,-0.010372985662227885,1.4726540580654721,1.1280757872576999,-0.010372985662227885
2023-12-08,44166.6015625,44155.48793092872,0.3674726486673186,-1,43945.7685546875,57416.58203125,0.02018673414826888,0.02018673414826888,1.502382134028009,1.1508479532741702,0.02018673414826888
2023-12-09,43725.984375,43730.307917753045,0.0007756519767814,1,43507.354453125,56843.7796875,-0.009976252913108663,0.009976252913108663,1.4873939898868096,1.1623291035205667,0.009976252913108663
2023-12-10,43779.69921875,43775.07322945752,-0.2263127139969616,0,43560.80072265625,56913.608984375,0.0012284421841561866,0.0012284421841561866,1.489221167408447,1.1637569576232039,0.0012284421841561866
2023-12-11,41243.83203125,41279.59419762106,1.2103490777548285,1,41037.61287109375,53616.981640625,-0.05792335792051162,-0.0,1.4029604767058454,1.1637569576232039,-0.0
2023-12-12,41450.22265625,41453.11045293471,0.3861068764976315,1,41242.97154296875,53885.289453125,0.005004157345118276,0.005004157345118276,1.4099811116802636,1.1695805805506265,0.005004157345118276
2023-12-13,42890.7421875,42870.25675023716,0.4910463385618231,-1,42676.2884765625,55757.96484375,0.03475299863154757,0.03475299863154757,1.4589821833249959,1.210227012865987,0.03475299863154757
2023-12-14,43023.97265625,43026.62212612547,0.4276492652318491,1,42808.85279296875,55931.164453125,0.0031062756659134827,-0.0031062756659134827,1.4635141841780597,1.2064677141456903,-0.0031062756659134827
2023-12-15,41929.7578125,41954.66041553975,0.1188622958316066,1,41720.1090234375,54508.68515625,-0.025432678020983368,-0.025432678020983368,1.426293099152717,1.1757840092291112,-0.025432678020983368
2023-12-16,42240.1171875,42256.87498132976,-0.1542384506862316,0,42028.9166015625,54912.15234375,0.007401888090740938,0.007401888090740938,1.4368503610572414,1.1844870308843078,0.007401888090740938
2023-12-17,41364.6640625,41391.68193471636,-0.0350734343111384,0,41157.8407421875,53774.063281250004,-0.02072563201266564,-0.0,1.4070707292167033,1.1844870308843078,-0.0
2023-12-18,42623.5390625,42613.31854518544,0.4092497970397046,-1,42410.4213671875,55410.60078125,0.030433584522719714,0.0,1.4498929351837646,1.1844870308843078,0.0
2023-12-19,42270.52734375,42281.11916390207,0.302476244155671,1,42059.17470703125,54951.685546875,-0.008282083715112631,0.008282083715112631,1.4378848005166223,1.1942970516335567,0.008282083715112631
2023-12-20,43652.25,43642.9713836789,0.5467313387733002,-1,43433.98875,56747.925,0.032687613405284255,0.032687613405284255,1.484885822997244,1.2333357719484253,0.032687613405284255
2023-12-21,43869.15234375,43866.0039890727,0.2651335319148936,-1,43649.80658203125,57029.898046875,0.0049688697318006625,-0.0049688697318006625,1.4922640272183147,1.2272074871620438,-0.0049688697318006625
2023-12-22,43997.90234375,43993.79663503068,0.1910827918153497,-1,43777.91283203125,57197.273046875,0.002934864092908329,-0.002934864092908329,1.4966436193289365,1.2236057999734236,-0.002934864092908329
2023-12-23,43739.54296875,43734.3568659499,-0.1999362211579292,0,43520.84525390625,56861.405859375,-0.005872083923035065,0.005872083923035065,1.487855202393362,1.23079091591958,0.005872083923035065
2023-12-24,43016.1171875,43022.80090816958,0.0768063097171037,1,42801.0366015625,55920.95234375,-0.01653939964043194,-0.0,1.4632469705938824,1.23079091591958,-0.0
2023-12-25,43613.140625,43599.59141171977,0.1956213137188843,-1,43395.074921875,56697.082812500004,0.013879063861056418,0.013879063861056418,1.4835554687432522,1.247873141641236,0.013879063861056418
2023-12-26,42520.40234375,42532.57122581042,0.6589277991869468,1,42307.80033203125,55276.523046875,-0.025055253200995553,0.025055253200995553,1.4463846108361684,1.279138919167779,0.025055253200995553
2023-12-27,43442.85546875,43425.80877228181,0.4111370676356499,-1,43225.64119140625,56475.712109375,0.021694364920222586,0.021694364920222586,1.4777630063986424,1.3068890256638641,0.021694364920222586
2023-12-28,42627.85546875,42637.97342485483,0.2931743876737824,1,42414.71619140625,55416.212109375,-0.01876027694786908,0.01876027694786908,1.4500397631352884,1.3314066257254489,0.01876027694786908
2023-12-29,42099.40234375,42109.35959196114,0.4495635552309767,1,41888.90533203125,54729.223046875,-0.012396896798793966,-0.012396896798793966,1.4320637698375525,1.3149013151891,-0.012396896798793966
2023-12-30,42156.90234375,42157.48664624652,-0.0696367315154668,0,41946.11783203125,54803.973046875,0.0013658151137276864,0.0013658151137276864,1.4340197041782183,1.3166972272784456,0.0013658151137276864
2023-12-31,42265.1875,42270.487211093845,-0.0496938870600073,0,42053.8615625,54944.74375,0.002568622223877659,0.0,1.437703159059849,1.3166972272784456,0.0
2024-01-01,44167.33203125,44141.02844752572,0.0558234744103929,-1,43946.49537109375,57417.531640625,0.0450049945064126,0.0,1.5024069818351895,1.3166972272784456,0.0
2024-01-02,44957.96875,44950.33096579043,1.1428943672155734,-1,44733.17890625,58445.359375,0.017900939051301412,-0.017900939051301412,1.5293014776472709,1.2931271104639166,-0.017900939051301412
2024-01-03,42848.17578125,42881.46405965975,1.5072071033698218,1,42633.934902343746,55702.628515625,-0.04692812036242189,0.04692812036242189,1.4575342338338102,1.353811135147678,0.04692812036242189
2024-01-04,44179.921875,44164.801502544666,0.6808290573621995,-1,43959.022265625,57433.8984375,0.03108057856532498,0.03108057856532498,1.5028352411001327,1.3958883684962473,0.03108057856532498
2024-01-05,44162.69140625,44162.772153781305,0.7789873475940202,1,43941.87794921875,57411.498828125004,-0.0003900067727314882,0.0003900067727314882,1.502249125177804,1.3964327744139382,0.0003900067727314882
2024-01-06,43989.1953125,43985.975891524315,-0.0655513035254439,0,43769.2493359375,57185.953906250004,-0.003928567037593367,-0.003928567037593367,1.496347438782377,1.3909467946461604,-0.003928567037593367
2024-01-07,43943.09765625,43937.40273874962,0.1028034997355045,-1,43723.382167968746,57126.026953125,-0.0010479313368322307,-0.0,1.4947793694104883,1.3909467946461604,-0.0
2024-01-08,46970.50390625,46926.88472850049,1.3202358919715154,-1,46735.65138671875,61061.655078125004,0.06889378335779228,-0.06889378335779228,1.597760375454352,1.2951192075135922,-0.06889378335779228
2024-01-09,46139.73046875,46142.38835197016,1.1681634919874773,1,45909.03181640625,59981.649609375,-0.017687130611972357,0.017687130611972357,1.5695005790070569,1.3180261500949593,0.017687130611972357
2024-01-10,46627.77734375,46612.62137338666,1.7033372344743705,-1,46394.63845703125,60616.110546875,0.010577584004972662,0.010577584004972662,1.5861021032273572,1.3319676824183395,0.010577584004972662
2024-01-11,46368.5859375,46369.642596632024,1.480764401998358,1,46136.743007812496,60279.16171875,-0.005558733892443213,0.005558733892443213,1.577285383709272,1.3393717363182374,0.005558733892443213
2024-01-12,42853.16796875,42908.01530902778,1.3507297476294515,1,42638.90212890625,55709.118359375,-0.07581464687080208,-0.07581464687080208,1.457704049328876,1.2378277411005372,-0.07581464687080208
2024-01-13,42842.3828125,42836.3617898614,0.1689006441249207,-1,42628.1708984375,55695.09765625,-0.0002516769882185965,-0.0002516769882185965,1.4573371787640268,1.2375162083427236,-0.0002516769882185965
2024-01-14,41796.26953125,41812.9437323893,0.0087418820294715,1,41587.28818359375,54335.150390625,-0.0244177193838242,0.0244177193838242,1.4217523284853528,1.2677335318509704,0.0244177193838242
2024-01-15,42511.96875,42501.011340159064,0.2582421776387593,-1,42299.40890625,55265.559375000004,0.01712351907901466,0.01712351907901466,1.4460977316078052,1.289441591170727,0.01712351907901466
2024-01-16,43154.9453125,43143.07038607341,0.348846713508608,-1,42939.1705859375,56101.42890625,0.015124600939588229,-0.015124600939588229,1.467969382718017,1.269939301669362,-0.015124600939588229
2024-01-17,42742.65234375,42755.80309237496,0.1818660803539544,1,42528.93908203125,55565.448046875004,-0.009553782672285682,0.009553782672285682,1.4539447222659596,1.2820720257645053,0.009553782672285682
2024-01-18,41262.05859375,41287.21472248253,0.4089230374531605,1,41055.74830078125,53640.676171875,-0.034639725632667706,-0.034639725632667706,1.4035804760016015,1.2376614025507044,-0.034639725632667706
2024-01-19,41618.40625,41619.70140681135,0.4366895332048029,1,41410.31421875,54103.928125,0.00863620644230223,0.00863620644230223,1.4157020867507362,1.2483501019288017,0.00863620644230223
2024-01-20,41665.5859375,41668.821585215024,-0.2998189676609328,0,41457.2580078125,54165.26171875,0.0011336255217606617,0.0011336255217606617,1.4173069627674866,1.2497652634644407,0.0011336255217606617
2024-01-21,41545.78515625,41555.21706255102,-0.4164194094427783,0,41338.05623046875,54009.520703125,-0.0028752933279206916,-0.0,1.4132317895138258,1.2497652634644407,-0.0
2024-01-22,39507.3671875,39539.46845623999,0.727134300993595,1,39309.8303515625,51359.57734375,-0.049064374667218136,-0.0,1.3438924555014962,1.2497652634644407,-0.0
2024-01-23,39845.55078125,39845.92036569473,0.6182543118290289,1,39646.32302734375,51799.216015625,0.008560013431039293,0.008560013431039293,1.3553961929704614,1.2604632709053427,0.008560013431039293
2024-01-24,40077.07421875,40068.44491731255,0.2602857681463553,-1,39876.68884765625,52100.196484375,0.005810521700930993,0.005810521700930993,1.3632717519630755,1.2677872200941647,0.005810521700930993
2024-01-25,39933.80859375,39927.62317707616,0.0591927625811515,-1,39734.13955078125,51913.951171875,-0.0035747525934159974,0.0035747525934159974,1.3583983927322147,1.272319245747096,0.0035747525934159974
2024-01-26,41816.87109375,41783.76778931089,0.4286677800300004,-1,41607.78673828125,54361.932421875004,0.04715459322091098,-0.04715459322091098,1.4224531163734415,1.2123235492667555,-0.04715459322091098
2024-01-27,42120.0546875,42116.421672223136,-0.3083326570702493,0,41909.4544140625,54756.071093750004,0.007250269707417489,-0.007250269707417489,1.4327662851133054,1.203533876561918,-0.007250269707417489
2024-01-28,42035.59375,42033.63337399721,-0.0257008399855632,0,41825.41578125,54646.271875,-0.002005242826170095,-0.0,1.4298932407985037,1.203533876561918,-0.0
2024-01-29,43288.24609375,43265.37476057188,0.172364170409594,-1,43071.80486328125,56274.719921875,0.029799801358818767,0.0,1.4725037753386168,1.203533876561918,0.0
2024-01-30,42952.609375,42955.311198724026,0.337405375257293,1,42737.846328125,55838.3921875,-0.007753530092744043,0.007753530092744043,1.4610866730048495,1.2128655126914776,0.007753530092744043
2024-01-31,42582.60546875,42583.60702789696,0.3806013397520713,1,42369.69244140625,55357.387109375,-0.00861423582021903,-0.00861423582021903,1.4485005278498064,1.2024176031469422,-0.00861423582021903
2024-02-01,43075.7734375,43064.79986221099,0.2116431853868107,-1,42860.3945703125,55998.50546875,0.011581441842771323,0.011581441842771323,1.4652762524723226,1.2163433326885131,0.011581441842771323
2024-02-02,43185.859375,43181.040368291,0.0650190756886682,-1,42969.930078125,56141.6171875,0.0025556346111748063,-0.0025556346111748063,1.4690209631780735,1.2132348035684226,-0.0025556346111748063
2024-02-03,42992.25,42986.48891862419,-0.3215229378453967,0,42777.28875,55889.925,-0.0044831659668692625,0.0044831659668692625,1.4624350983913361,1.2186739365496018,0.0044831659668692625
2024-02-04,42583.58203125,42583.07029584583,-0.1326358534702342,0,42370.66412109375,55358.656640625,-0.009505619472114146,-0.0,1.4485337468433643,1.2186739365496018,-0.0
2024-02-05,42658.66796875,42659.479398666444,0.0708237210993806,1,42445.37462890625,55456.268359375004,0.0017632602500394778,0.0,1.451087888820014,1.2186739365496018,0.0
2024-02-06,43084.671875,43080.67754175789,-0.028846113563667,0,42869.248515625,56010.0734375,0.009986338686479135,0.009986338686479135,1.4655789439416187,1.230844027228371,0.009986338686479135
2024-02-07,44318.22265625,44301.845817037276,0.1961824359302152,-1,44096.63154296875,57613.689453125,0.028630850081180936,0.0,1.5075397149677467,1.230844027228371,0.0
2024-02-08,45301.56640625,45291.73786480659,0.4575965264774515,-1,45075.05857421875,58892.036328125,0.022188248784866804,-0.022188248784866804,1.5409893812165183,1.2035337537368604,-0.022188248784866804
2024-02-09,47147.19921875,47125.70676014431,1.1419323172764888,-1,46911.463222656246,61291.358984375,0.040741037427910465,-0.040741037427910465,1.603770887272673,1.1545005400301134,-0.040741037427910465
2024-02-10,47771.27734375,47766.639510594236,-0.0496323926195491,0,47532.42095703125,62102.660546875,0.013236801662479536,-0.013236801662479536,1.6249996844195602,1.1392186453625093,-0.013236801662479536
2024-02-11,48293.91796875,48289.17948798303,0.1020388628287465,-1,48052.44837890625,62782.093359375,0.010940478338881565,0.0,1.6427779582676418,1.1392186453625093,0.0
2024-02-12,49958.22265625,49931.914831489616,0.8921203795245939,-1,49708.43154296875,64945.689453125,0.034461993507690414,-0.034461993507690414,1.6993913616000382,1.0999588998021865,-0.034461993507690414
2024-02-13,49742.44140625,49742.17308504201,0.9483274951226882,-1,49493.72919921875,64665.173828125,-0.004319233922406296,0.004319233922406296,1.6920512927835711,1.1047098795954648,0.004319233922406296
2024-02-14,51826.6953125,51787.890185637734,1.1309534729947843,-1,51567.5618359375,67374.70390625,0.041900916949929146,-0.041900916949929146,1.7629497934775158,1.058421522676769,-0.041900916949929146
2024-02-15,51938.5546875,51928.91086370578,1.1028127570360715,-1,51678.8619140625,67520.12109375,0.0021583350882306007,-0.0021583350882306007,1.7667548298755673,1.0561370943662374,-0.0021583350882306007
2024-02-16,52160.203125,52152.44052681961,0.5629352207477375,-1,51899.402109375,67808.2640625,0.004267512618200353,-0.004267512618200353,1.7742944784053276,1.05163001598948,-0.004267512618200353
2024-02-17,51662.99609375,51663.5961409084,0.1380811824861125,1,51404.68111328125,67161.894921875,-0.009532306269177337,0.009532306269177337,1.7573813600254578,1.0616544753837516,0.009532306269177337
2024-02-18,52122.546875,52119.22190690006,0.0125865993919787,-1,51861.934140625,67759.3109375,0.008895163192163213,0.008895163192163213,1.77301355401375,1.0710980651959805,0.008895163192163213
2024-02-19,51779.14453125,51785.29523150617,0.2084316490482824,1,51520.24880859375,67312.887890625,-0.006588364620277343,0.006588364620277343,1.7613322942432135,1.0781548497935651,0.006588364620277343
2024-02-20,52284.875,52285.33918175059,0.8319014381932379,1,52023.450625,67970.33750000001,0.009767068832988945,0.009767068832988945,1.7785353479988533,1.0886852624241197,0.009767068832988945
2024-02-21,51839.1796875,51855.985186540376,0.5860374752860718,1,51579.9837890625,67390.93359375,-0.008524364120598982,-0.008524364120598982,1.763374465091155,1.0794049128344867,-0.008524364120598982
2024-02-22,51304.97265625,51329.585420025265,0.4190897915384984,1,51048.44779296875,66696.46445312501,-0.010305082651198116,-0.010305082651198116,1.7452027454833783,1.068281555993618,-0.010305082651198116
2024-02-23,50731.94921875,50753.55949882722,0.211805634933432,1,50478.28947265625,65951.533984375,-0.011168964874795462,-0.011168964874795462,1.7257106373196778,1.0563499568183334,-0.011168964874795462
2024-02-24,51571.1015625,51575.73270908285,-0.1133023837937021,0,51313.2460546875,67042.43203125,0.016540904827679226,0.016540904827679226,1.7542554527316963,1.0738229409187885,0.016540904827679226
2024-02-25,51733.23828125,51743.55804349491,-0.1008678287010388,0,51474.57208984375,67253.209765625,0.003143945229742817,0.0,1.7597707357940624,1.0738229409187885,0.0
2024-02-26,54522.40234375,54492.219684767726,0.8693698953240121,-1,54249.79033203125,70879.123046875,0.053914352844811164,0.0,1.8546476361696365,1.0738229409187885,0.0
2024-02-27,57085.37109375,57052.12255073458,1.6847353551238635,-1,56799.94423828125,74210.982421875,0.04700762695380023,-0.04700762695380023,1.9418302203814461,1.0233450726976454,-0.04700762695380023
2024-02-28,62504.7890625,62423.4223838249,3.4255592115706244,-1,62192.2651171875,81256.22578125,0.09493531994124749,-0.09493531994124749,2.1261784936249417,0.9261934808107952,-0.09493531994124749
2024-02-29,61198.3828125,61207.002956069846,2.5030830778540434,1,60892.3908984375,79557.89765625,-0.020900898468654838,0.020900898468654838,2.081739452803449,0.9455517567155516,0.020900898468654838
2024-03-01,62440.6328125,62419.7516106392,1.1871447158564592,-1,62128.4296484375,81172.82265625,0.020298739001094468,0.020298739001094468,2.1239961386241877,0.964745265037147,0.020298739001094468
2024-03-02,62029.84765625,62026.10066092557,0.3397793014354309,-1,61719.69841796875,80638.801953125,-0.006578811548619723,0.006578811548619723,2.110022768298183,0.9710921423282495,0.006578811548619723
2024-03-03,63167.37109375,63141.73482447467,0.4627587075308523,-1,62851.53423828125,82117.582421875,0.01833832389535761,-0.01833832389535761,2.1487170492498144,0.9532839400899973,-0.01833832389535761
2024-03-04,68330.4140625,68226.1827731691,2.772084041925268,-1,67988.7619921875,88829.53828125,0.08173591649219114,-0.08173591649219114,2.324344406552645,0.8753664035694543,-0.08173591649219114
2024-03-05,63801.19921875,63852.751329498555,4.442725802866181,1,63482.19322265625,82941.558984375,-0.06628402455760396,0.06628402455760396,2.17027750482838,0.9333892117605534,0.06628402455760396
2024-03-06,66106.8046875,66064.73447025841,2.6722461971366083,-1,65776.2706640625,85938.84609375,0.03613733749494208,0.03613733749494208,2.2487055554780437,0.9671194127200825,0.03613733749494208
2024-03-07,66925.484375,66910.8512356215,1.5408575770708723,-1,66590.856953125,87003.1296875,0.012384196927533564,-0.012384196927533564,2.2765539679091225,0.9551424154605164,-0.012384196927533564
2024-03-08,68300.09375,68280.32954438707,2.175857397183825,-1,67958.59328125,88790.121875,0.020539401213709896,-0.020539401213709896,2.3233130232406713,0.9355243621731408,-0.020539401213709896
2024-03-09,68498.8828125,68492.6161893468,0.2212979830735754,-1,68156.3883984375,89048.54765625,0.0029105240064184468,-0.0029105240064184468,2.330075081569238,0.9328014960584466,-0.0029105240064184468
2024-03-10,69019.7890625,69041.73098354579,0.9530549524502526,1,68674.69011718749,89725.72578125,0.007604594828588107,-0.007604594828588107,2.3477943584847614,0.9257079186254213,-0.007604594828588107
2024-03-11,72123.90625,72098.93810741609,2.5145237245554646,-1,71763.28671875,93761.078125,0.04497430707429584,0.04497430707429584,2.4533847829105544,0.9673409908187883,0.04497430707429584
2024-03-12,71481.2890625,71507.6358829087,2.350112442840766,1,71123.8826171875,92925.67578125,-0.008909905479502545,0.008909905479502545,2.4315253563899715,0.9759599076134321,0.008909905479502545
2024-03-13,73083.5,73073.4616007732,1.6044438647116992,-1,72718.0825,95008.55,0.022414410239567806,0.022414410239567806,2.4860265632360075,0.9978354733600503,0.022414410239567806
2024-03-14,71396.59375,71443.37011154453,2.196224065434476,1,71039.61078125,92815.57187500001,-0.0230819028918976,0.0230819028918976,2.428644339516716,1.0208674148582377,0.0230819028918976
2024-03-15,69403.7734375,69450.10051528398,3.169824425576449,1,69056.75457031249,90224.90546875,-0.027911980219644583,-0.027911980219644583,2.3608560667515737,0.9923729837678349,-0.027911980219644583
2024-03-16,65315.1171875,65377.29629982929,1.533196779197679,1,64988.5416015625,84909.65234375,-0.05891115205258901,-0.05891115205258901,2.2217753160288947,0.9339111480282065,-0.05891115205258901
2024-03-17,68390.625,68353.87616129107,1.4226957237205915,-1,68048.671875,88907.8125,0.04708722796395115,0.04708722796395115,2.326392556819427,0.977886435153486,0.04708722796395115
2024-03-18,67548.59375,67556.21599597717,1.6589860249374118,1,67210.85078125,87813.171875,-0.0123120859035869,0.0123120859035869,2.2977498118144006,0.9899262569470483,0.0123120859035869
2024-03-19,61912.7734375,62000.98262299286,2.9564162574384945,1,61603.2095703125,80486.60546875,-0.08343356981432348,-0.08343356981432348,2.106040342474535,0.9073331754770247,-0.08343356981432348
2024-03-20,67913.671875,67836.15493925088,2.570466300820308,-1,67574.103515625,88287.7734375,0.09692504638897836,0.09692504638897836,2.310168400365939,0.9952764856003944,0.09692504638897836
2024-03-21,65491.390625,65546.07917879862,1.4103988241793377,1,65163.933671875,85138.8078125,-0.03566706353999505,0.03566706353999505,2.2277714772419985,1.0307750752521667,0.03566706353999505
2024-03-22,63778.76171875,63807.21055115851,1.2503023148843764,1,63459.86791015625,82912.39023437501,-0.02615044343853401,-0.02615044343853401,2.169514265232402,1.0038198499489344,-0.02615044343853401
2024-03-23,64062.203125,64070.18391090135,0.383998311183447,1,63741.892109375,83280.8640625,0.004444134671348854,0.004444134671348854,2.1791558787985075,1.0082809605478806,0.004444134671348854
2024-03-24,67234.171875,67226.93868955635,0.5122979927419186,-1,66898.001015625,87404.42343750001,0.04951388799118828,0.04951388799118828,2.2870543588966763,1.0582048710920962,0.04951388799118828
2024-03-25,69958.8125,69916.76703859078,1.317841515912765,-1,69609.0184375,90946.45625,0.04052464020923141,-0.04052464020923141,2.3797364139299186,1.0153214994234327,-0.04052464020923141
2024-03-26,69987.8359375,69985.87512317766,0.9700283578299654,-1,69637.8967578125,90984.18671875,0.00041486463910467286,-0.00041486463910467286,2.380723682418448,1.0149002784359993,-0.00041486463910467286
2024-03-27,69455.34375,69468.14208111294,1.2204585312045004,1,69108.06703125,90291.94687500001,-0.007608353371227561,0.007608353371227561,2.3626102953633583,1.0226219983908977,0.007608353371227561
2024-03-28,70744.953125,70730.2423403698,0.8849930020928471,-1,70391.228359375,91968.43906250001,0.018567460837021654,0.018567460837021654,2.4064779694956617,1.0416094922970975,0.018567460837021654
2024-03-29,69892.828125,69885.98362863579,0.4095726566300761,-1,69543.363984375,90860.6765625,-0.01204502883045766,0.01204502883045766,2.3774918729732253,1.0541557086618945,0.01204502883045766
2024-03-30,69645.3046875,69633.39153060029,-0.0115968722186305,0,69297.0781640625,90538.89609375001,-0.0035414711944022903,0.0035414711944022903,2.369072053990165,1.0578889707385355,0.0035414711944022903
2024-03-31,71333.6484375,71301.5834595001,0.1402570803027761,-1,70976.9801953125,92733.74296875,0.02424203264779501,0.0,2.4265031760679734,1.0578889707385355,0.0
2024-04-01,69702.1484375,69721.19936699422,0.9109177645690424,1,69353.6376953125,90612.79296875,-0.022871394296192005,0.022871394296192005,2.3710056651671607,1.0820843665098894,0.022871394296192005
2024-04-02,65446.97265625,65502.005228249705,1.734045325852794,1,65119.73779296875,85081.064453125,-0.061047985989492126,-0.061047985989492126,2.2262605445390293,1.0160252952637452,-0.061047985989492126
2024-04-03,65980.8125,65975.93371336901,0.8908742567363465,-1,65650.9084375,85775.05625000001,0.008156830210526378,0.008156830210526378,2.244419773805228,1.0243128410868114,0.008156830210526378
2024-04-04,68508.84375,68481.93837991895,0.8883531008804014,-1,68166.29953125,89061.496875,0.038314642609167615,-0.038314642609167615,2.330413915303524,0.9850666606605891,-0.038314642609167615
2024-04-05,67837.640625,67850.77592791912,0.8524109436022431,1,67498.452421875,88188.9328125,-0.009797320875087778,0.009797320875087778,2.3075821024035257,0.994717674818432,0.009797320875087778
2024-04-06,68896.109375,68894.79685319249,0.1359336293244124,-1,68551.628828125,89564.9421875,0.015602971156545964,0.015602971156545964,2.3435872393886896,1.0102382260075304,0.015602971156545964
2024-04-07,69362.5546875,69385.85468566466,0.2002556494156874,1,69015.7419140625,90171.32109375,0.006770270726916605,-0.006770270726916605,2.359453959471498,1.0033986397187795,-0.006770270726916605
2024-04-08,71631.359375,71611.64966005758,1.035070510127036,-1,71273.202578125,93120.76718750001,0.03270935878474601,0.03270935878474601,2.4366301855679406,1.0362191658294673,0.03270935878474601
2024-04-09,69139.015625,69175.49417298035,0.9916812389536356,1,68793.320546875,89880.72031250001,-0.03479403115822832,0.03479403115822832,2.35184999897021,1.072273407772091,0.03479403115822832
2024-04-10,70587.8828125,70579.975916813,1.0900351881527677,-1,70234.9433984375,91764.24765625001,0.0209558550176423,0.0209558550176423,2.4011350265718723,1.0947438138446361,0.0209558550176423
2024-04-11,70060.609375,70073.9576086416,0.665506489723311,1,69710.30632812499,91078.7921875,-0.007469744331340511,0.007469744331340511,2.3831991618183537,1.1029212702423723,0.007469744331340511
2024-04-12,67195.8671875,67232.60480995761,1.3921468587806751,1,66859.8878515625,87354.62734375,-0.04088948430588779,-0.04088948430588779,2.2857513770933773,1.057823388272167,-0.04088948430588779
2024-04-13,63821.47265625,63852.3189586369,1.846582578685063,1,63502.36529296875,82967.914453125,-0.05021729270691988,-0.05021729270691988,2.170967131134634,1.004702361551078,-0.05021729270691988
2024-04-14,65738.7265625,65708.70040407508,1.649769894542223,-1,65410.0329296875,85460.34453125,0.03004089104268326,0.03004089104268326,2.2361849181782962,1.0348845157247604,0.03004089104268326
2024-04-15,63426.2109375,63446.695723825615,1.3644151022198547,1,63109.0798828125,82454.07421875,-0.03517737178558533,0.03517737178558533,2.15752180993022,1.0712890330895557,0.03517737178558533
2024-04-16,63811.86328125,63799.17848716023,1.3255045893339776,-1,63492.80396484375,82955.422265625,0.006080330797783695,0.006080330797783695,2.1706402562380287,1.077802824790778,0.006080330797783695
2024-04-17,61276.69140625,61315.638462891555,1.2770331325479958,1,60970.307949218746,79659.69882812501,-0.03972884891052719,0.03972884891052719,2.08440321745884,1.1206226903722303,0.03972884891052719
2024-04-18,63512.75390625,63498.75870459585,0.9698136278184591,-1,63195.19013671875,82566.580078125,0.03649124077498622,0.03649124077498622,2.1604656771392863,1.1615156027845162,0.03649124077498622
2024-04-19,63843.5703125,63837.77067172257,1.6932409545276548,-1,63524.3524609375,82996.64140625,0.005208661031110617,-0.005208661031110617,2.171718810520854,1.1554656617272654,-0.005208661031110617
2024-04-20,64994.44140625,64992.601107812094,0.2986539876328618,-1,64669.46919921875,84492.773828125,0.018026421268684478,-0.018026421268684478,2.210867128676429,1.1346367509474704,-0.018026421268684478
2024-04-21,64926.64453125,64942.12155655661,0.163950163022409,1,64602.01130859375,84404.637890625,-0.0010431180502996629,0.0010431180502996629,2.2085609332676923,1.135820311022917,0.0010431180502996629
2024-04-22,66837.6796875,66827.88507572805,0.5682446443210493,-1,66503.4912890625,86888.98359375,0.029433758205850147,0.029433758205850147,2.2735671817603804,1.1692517714228592,0.029433758205850147
2024-04-23,66407.2734375,66407.1097723882,0.3617461567653834,-1,66075.2370703125,86329.45546875,-0.006439574982440521,0.006439574982440521,2.2589263754158186,1.1767812558782882,0.006439574982440521
2024-04-24,64276.8984375,64303.109256354335,0.6719156967236095,1,63955.5139453125,83559.96796875,-0.03208044676017341,0.03208044676017341,2.18645900809414,1.2145329243058616,0.03208044676017341
2024-04-25,64481.70703125,64468.012154412194,0.7696161196267047,-1,64159.29849609375,83826.219140625,0.0031863484195515657,0.0031863484195515657,2.193425828298995,1.218402849369717,0.0031863484195515657
2024-04-26,63755.3203125,63757.89555932065,0.3528241371692728,1,63436.5437109375,82881.91640625,-0.011265004482557628,0.011265004482557628,2.1687168765110494,1.232128162929428,0.011265004482557628
2024-04-27,63419.140625,63406.37570810305,0.1132128399674412,-1,63102.044921875,82444.8828125,-0.005272966802647994,-0.005272966802647994,2.1572813044168644,1.2256311920296936,-0.005272966802647994
2024-04-28,63113.23046875,63105.12011884902,-0.0009599650185408,-1,62797.66431640625,82047.199609375,-0.004823625063903991,0.004823625063903991,2.1468753882469875,1.2315431773666705,0.004823625063903991
2024-04-29,63841.12109375,63827.98815531186,0.4826250067040828,-1,63521.91548828125,82993.457421875,0.011533090916022948,-0.011533090916022948,2.171635497285012,1.217339677935093,-0.011533090916022948
2024-04-30,60636.85546875,60678.31309670543,1.065195246440769,1,60333.67119140625,78827.912109375,-0.050191249309274655,0.050191249309274655,2.0626383986319095,1.2784394772044052,0.050191249309274655
2024-05-01,58254.01171875,58290.11493413478,1.6162587740459264,1,57962.74166015625,75730.215234375,-0.03929695449375714,-0.03929695449375714,1.9815829913437952,1.228200699245681,-0.03929695449375714
2024-05-02,59123.43359375,59117.63475837682,0.7985252418836317,-1,58827.81642578125,76860.463671875,0.014924669552331737,0.014924669552331737,2.0111574626801225,1.2465311888258657,0.014924669552331737
2024-05-03,62889.8359375,62842.483378104196,0.8224526024805642,-1,62575.3867578125,81756.78671875001,0.06370405294167747,-0.06370405294167747,2.139276344156747,1.1671220999794505,-0.06370405294167747
2024-05-04,63891.47265625,63874.69209239559,0.1698686124021735,-1,63572.01529296875,83058.914453125,0.015926845790239064,-0.015926845790239064,2.1733482685928376,1.1485335262746978,-0.015926845790239064
2024-05-05,64031.1328125,64036.95955606204,0.049022169434644,1,63710.9771484375,83240.47265625,0.002185896653241981,-0.002185896653241981,2.178098983299484,1.1460229506834778,-0.002185896653241981
2024-05-06,63161.94921875,63183.60819791208,0.589834041933944,1,62846.13947265625,82110.533984375,-0.013574390387488533,-0.013574390387488533,2.148532617397585,1.1304663877578787,-0.013574390387488533
2024-05-07,62334.81640625,62345.26101482428,0.4459610033451793,1,62023.14232421875,81035.26132812501,-0.01309542885757653,-0.01309542885757653,2.120396661358272,1.115662445601114,-0.01309542885757653
2024-05-08,61187.94140625,61188.37090187198,0.4541467392162365,1,60882.00169921875,79544.32382812501,-0.018398626419713127,-0.018398626419713127,2.0813842753243343,1.0951357890539954,-0.018398626419713127
2024-05-09,63049.9609375,63012.92991539209,0.4211402413933243,-1,62734.7111328125,81964.94921875,0.03043115176709965,0.03043115176709965,2.144723196092384,1.12846203245628,0.03043115176709965
2024-05-10,60792.77734375,60815.11081305226,0.5434062487567649,1,60488.81345703125,79030.610546875,-0.035799920573900024,0.035799920573900024,2.067942276019276,1.1688608835888767,0.035799920573900024
2024-05-11,60793.7109375,60783.417487557366,-0.1825460154700203,0,60489.7423828125,79031.82421875,1.5356984674586016e-05,1.5356984674586016e-05,2.0679740333771166,1.1688788337675526,1.5356984674586016e-05
2024-05-12,61448.39453125,61425.02131352892,-0.1847199997612124,0,61141.15255859375,79882.912890625,0.010768936188532141,0.0,2.0902439137820963,1.1688788337675526,0.0
2024-05-13,62901.44921875,62872.14560164543,0.5477853794061268,-1,62586.94197265625,81771.883984375,0.023646747788683697,0.0,2.1396713844281328,1.1688788337675526,0.0
2024-05-14,61552.7890625,61559.81491973932,0.5632317968668155,1,61245.0251171875,80018.62578125,-0.02144084393922019,0.02144084393922019,2.093795024193394,1.1939405824262204,0.02144084393922019
2024-05-15,66267.4921875,66202.32148328946,1.167845095262172,-1,65936.1547265625,86147.73984375001,0.07659609250545496,0.07659609250545496,2.2541715415539727,1.285391765723756,0.07659609250545496
2024-05-16,65231.58203125,65246.26813948936,0.739319734088666,1,64905.42412109375,84801.056640625,-0.01563225228621834,0.01563225228621834,2.2189337633199875,1.3054853340921773,0.01563225228621834
2024-05-17,67051.875,67024.25127124331,0.555173391391658,-1,66716.615625,87167.4375,0.02790508695432159,0.02790508695432159,2.2808533029313116,1.341915015857611,0.02790508695432159
2024-05-18,66940.8046875,66932.94789269246,-0.03332781648842,0,66606.1006640625,87023.04609375,-0.0016564833198177142,0.0016564833198177142,2.2770751074800546,1.3441378756979918,0.0016564833198177142
2024-05-19,66278.3671875,66295.01258670815,0.0985672003173722,1,65946.9753515625,86161.87734375,-0.009895869986810912,-0.0,2.2545414682662286,1.3441378756979918,-0.0
2024-05-20,71448.1953125,71355.84376450576,1.3776595259808893,-1,71090.9543359375,92882.65390625001,0.07800174241430358,0.07800174241430358,2.4303996311362965,1.4489829720474958,0.07800174241430358
2024-05-21,70136.53125,70140.14946830709,1.5378660859710669,1,69785.84859375,91177.490625,-0.018358253231772315,0.018358253231772315,2.3857817392534906,1.4755837683768698,0.018358253231772315
2024-05-22,69122.3359375,69118.04284175523,0.8032434494649043,-1,68776.7242578125,89859.03671875001,-0.01446030042296964,-0.01446030042296964,2.35128261856025,1.4542463837868826,-0.01446030042296964
2024-05-23,67929.5625,67934.79184837433,1.276015847108332,1,67589.9146875,88308.43125000001,-0.017255976976508713,0.017255976976508713,2.310708939829109,1.47934082590368,0.017255976976508713
2024-05-24,68526.1015625,68513.08825932538,0.6157979401238224,-1,68183.4710546875,89083.93203125,0.008781729788116976,0.008781729788116976,2.3310009613576748,1.4923319973012958,0.008781729788116976
2024-05-25,69265.9453125,69239.90936764343,-0.097756998217475,0,68919.6155859375,90045.72890625,0.010796524727518797,-0.010796524727518797,2.356167670876843,1.4762199979907649,-0.010796524727518797
2024-05-26,68518.09375,68529.17212702404,-0.0896793670729525,0,68175.50328125,89073.521875,-0.010796814497022966,-0.0,2.330728565610503,1.4762199979907649,-0.0
2024-05-27,69394.5546875,69391.40089020351,0.4428549681655977,-1,69047.5819140625,90212.92109375,0.012791671360530277,0.0,2.3605424794523926,1.4762199979907649,0.0
2024-05-28,68296.21875,68324.44729270157,0.7990686867569893,1,67954.73765625,88785.084375,-0.015827408107827234,0.015827408107827234,2.323181210274237,1.4995847343559008,0.015827408107827234
2024-05-29,67578.09375,67593.43027687047,0.4863248237488572,1,67240.20328125,87851.521875,-0.01051485738366742,-0.01051485738366742,2.2987532911717876,1.4838168147394237,-0.01051485738366742
2024-05-30,68364.9921875,68363.0322960067,0.632040569741241,-1,68023.1672265625,88874.48984375001,0.011644282841286824,0.011644282841286824,2.325520624676531,1.501094797414907,0.011644282841286824
2024-05-31,67491.4140625,67517.27928730116,0.5216905669375025,1,67153.9569921875,87738.83828125,-0.012778150001159894,0.012778150001159894,2.2958047733036233,1.5202760119022354,0.012778150001159894
2024-06-01,67706.9375,67712.15089305816,-0.2969695439731333,0,67368.4028125,88019.01875,0.0031933460054698326,0.0031933460054698326,2.303136072305791,1.525130779232055,0.0031933460054698326
2024-06-02,67751.6015625,67758.456704753,-0.0126187016833773,0,67412.8435546875,88077.08203125,0.0006596674454519835,0.0,2.304655376195137,1.525130779232055,0.0
2024-06-03,68804.78125,68788.22948019297,0.7823801574558441,-1,68460.75734375,89446.215625,0.015544720172089965,0.0,2.3404805991111934,1.525130779232055,0.0
2024-06-04,70567.765625,70536.56924005422,0.8212917957155618,-1,70214.926796875,91738.09531250001,0.025622992224831664,-0.025622992224831664,2.400450715304589,1.4860523651339406,-0.025622992224831664
2024-06-05,70849.0234375,70839.78233115235,1.0034545008250348,-1,70494.7783203125,92103.73046875,0.0039856414612107205,-0.0039856414612107205,2.4100180512011,1.4801294932139324,-0.0039856414612107205
