Date,Actual Price,Predictions,Volume,RSI,Signal,Short_MA,Long_MA,Filtered Signal,Position,Strategy Return,Market Return,Cumulative Market Returns,Cumulative Strategy Returns,Signal Result
2023-08-11,29397.71484375,29397.92070416527,-0.3721674663013175,,0,,,0,,0.0,,,1.0,
2023-08-12,29415.96484375,29415.325125319498,-0.580178883623668,100.0,0,,,0,0.0,0.0,0.0006207965516027425,1.0006207965516027,1.0,0.0
2023-08-13,29282.9140625,29281.96512399053,-0.5211395637273627,12.062065938605329,0,,,0,0.0,0.0,-0.004523080645381872,0.9960949079933537,1.0,-0.0
2023-08-14,29408.443359375,29405.346348568903,-0.1736333699338468,51.93774384952412,0,,,0,0.0,0.0,0.004286776125049352,1.0003649438632227,1.0,0.0
2023-08-15,29170.34765625,29170.42482154192,-0.2450448014664776,27.92233407423703,0,,,0,0.0,0.0,-0.008096168172366025,0.9922658210439665,1.0,-0.0
2023-08-16,28701.779296875,28704.799109868374,-0.1249905687545515,14.619232686391982,0,,,0,0.0,0.0,-0.016063173634291772,0.9763268828691642,1.0,-0.0
2023-08-17,26664.55078125,26686.556969294077,0.7158074129239198,4.759764905179722,1,,,0,0.0,0.0,-0.07097917151940503,0.9070280095909877,1.0,-0.0
2023-08-18,26049.556640625,26053.8351863032,0.3469419117771029,3.9546341177778856,1,,,0,0.0,0.0,-0.02306411031148714,0.8861082155221726,1.0,-0.0
2023-08-19,26096.205078125,26090.477563553493,-0.3494844834222889,5.171342934626651,0,,,0,0.0,0.0,0.0017907574452629138,0.8876950204064276,1.0,0.0
2023-08-20,26189.583984375,26183.645013894704,-0.4324051367233574,7.51657501289327,0,28037.7060546875,,0,0.0,0.0,0.00357825614760654,0.8908714205703966,1.0,0.0
2023-08-21,26124.140625,26120.83293267263,-0.2070195858920702,7.388513073756485,0,27710.3486328125,,0,0.0,0.0,-0.002498831574187843,0.8886452829361337,1.0,-0.0
2023-08-22,26031.65625,26033.00376052307,-0.1481506115125608,7.214802089332892,0,27371.9177734375,,0,0.0,0.0,-0.0035401882238949023,0.8854993113702634,1.0,-0.0
2023-08-23,26431.640625,26425.041621737393,-0.019134516395242,15.778616857878376,0,27086.7904296875,,0,0.0,0.0,0.015365306423789304,0.8991052796275218,1.0,0.0
2023-08-24,26162.373046875,26163.36546799309,-0.2330170926477054,14.855579652369386,0,26762.1833984375,,0,0.0,0.0,-0.01018731988472621,0.8899458065339101,1.0,-0.0
2023-08-25,26047.66796875,26047.0155120685,-0.2572188383641764,14.494379045352659,0,26449.9154296875,,0,0.0,0.0,-0.004384352975912553,0.8860439699886322,1.0,-0.0
2023-08-26,26008.462890625,26009.20188445751,-0.5884737748821316,14.045145508015779,0,26180.5837890625,,0,0.0,0.0,-0.0015051281432193475,0.8847103602732725,1.0,-0.0
2023-08-27,26089.693359375,26086.29898926937,-0.5427750548746313,15.933627907383794,0,26123.098046875,,0,0.0,0.0,0.0031232321991347956,0.8874735161573861,1.0,0.0
2023-08-28,26106.150390625,26098.410519386878,-0.3301765437962916,13.930585575937656,0,26128.757421875,,0,0.0,0.0,0.0006307866874213364,0.8880333226368172,1.0,0.0
2023-08-29,27727.392578125,27696.881864740208,0.6246929718566417,37.89637375984985,0,26291.876171875,,0,0.0,0.0,0.062101924766441385,0.9431819012293018,1.0,0.0
2023-08-30,27297.265625,27295.2609735927,-0.0524933396259516,38.14235355923473,0,26402.6443359375,,0,0.0,0.0,-0.015512708305083889,0.9285505955168972,1.0,-0.0
2023-08-31,25931.47265625,25945.193981599867,0.1470192059432823,43.01958123736281,0,26383.3775390625,,0,0.0,0.0,-0.0500340578984273,0.8820914412591856,1.0,-0.0
2023-09-01,25800.724609375,25797.947708809552,-0.0078211721178507,47.38990017856572,0,26360.284375,,0,0.0,0.0,-0.005042060225742162,0.8776438830877451,1.0,-0.0
2023-09-02,25868.798828125,25865.081519331517,-0.3770953363583087,47.62531776100457,0,26304.0001953125,,0,0.0,0.0,0.0026384615075991658,0.879959512690652,1.0,0.0
2023-09-03,25969.56640625,25960.5569727251,-0.4362554748719658,47.70601361701227,0,26284.71953125,,0,0.0,0.0,0.0038953327054152,0.8833872477598771,1.0,0.0
2023-09-04,25812.416015625,25811.719387558962,-0.3469269137547767,46.81082938857396,0,26261.1943359375,,0,0.0,0.0,-0.006051329012069284,0.8780415808786157,1.0,-0.0
2023-09-05,25779.982421875,25783.373122223347,-0.3253966360929292,47.3931618571413,0,26238.3462890625,,0,0.0,0.0,-0.0012565113521479931,0.8769383116645838,1.0,-0.0
2023-09-06,25753.236328125,25752.81847094054,-0.2391951686580722,42.38423519165978,0,26204.7005859375,,0,0.0,0.0,-0.0010374752516241204,0.8760285098690308,1.0,-0.0
2023-09-07,26240.1953125,26229.95813121812,-0.325731099590005,50.83292256840751,0,26218.105078125,,0,0.0,0.0,0.018908652030005024,0.8925930281305081,1.0,0.0
2023-09-08,25905.654296875,25909.258462525737,-0.3398184560175716,48.54835521784355,0,26035.93125,,0,0.0,0.0,-0.012749181613965876,0.8812131975075125,1.0,-0.0
2023-09-09,25895.677734375,25898.609819727688,-0.6172516914433399,48.84019490092268,0,25895.7724609375,26778.7076171875,0,0.0,0.0,-0.0003851113886439439,0.880873832269329,1.0,-0.0
2023-09-10,25832.2265625,25833.86697563299,-0.4915218316473811,47.34267146756911,0,25885.8478515625,26659.8580078125,0,0.0,0.0,-0.0024502611024840304,0.8787154613819235,1.0,-0.0
2023-09-11,25162.654296875,25170.51850995805,-0.1431496903174366,41.418990308949745,0,25822.0408203125,26518.080989583334,0,0.0,0.0,-0.02592003689674205,0.8559391242011662,1.0,-0.0
2023-09-12,25833.34375,25817.05722802716,0.0677973523012033,29.17267841855883,0,25818.4953125,26403.0953125,0,0.0,0.0,0.026654161568650414,0.8787534639105533,1.0,0.0
2023-09-13,26228.32421875,26218.006895141247,-0.2225902897021064,38.15415370177015,0,25844.37109375,26297.091341145835,0,0.0,0.0,0.01528956036711282,0.8921892180448232,1.0,0.0
2023-09-14,26539.673828125,26532.40972380835,-0.1841532980456851,58.79554335109583,0,25917.096875,26209.402213541667,0,0.0,0.0,0.011870739692642074,0.9027801640088152,1.0,0.0
2023-09-15,26608.693359375,26604.36570173495,-0.3053798126443328,61.896901191990814,0,25999.96796875,26139.632682291667,0,0.0,0.0,0.0026006171627044328,0.9051279495974857,1.0,0.0
2023-09-16,26568.28125,26567.601301828963,-0.5173891371469939,60.38408968471522,0,26081.4724609375,26136.423697916667,0,0.0,0.0,-0.001518755875352329,0.9037532812060889,1.0,-0.0
2023-09-17,26534.1875,26530.82708427964,-0.5500309964801128,58.55130201431221,0,26110.8716796875,26152.578059895834,0,0.0,0.0,-0.0012832501161511578,0.9025935397030092,1.0,-0.0
2023-09-18,26754.28125,26748.40864825231,-0.0903601588192952,63.997861286676404,0,26195.734375,26174.513932291666,0,0.0,0.0,0.008294723552398242,0.9100803035950262,1.0,0.0
2023-09-19,27211.1171875,27203.37186252649,-0.1843440357316143,68.88678102406145,0,26327.2783203125,26208.5650390625,0,0.0,0.0,0.017075246134672373,0.9256201487812287,1.0,0.0
2023-09-20,27132.0078125,27132.599022779345,-0.2117218386410447,67.94768729326998,0,26457.2564453125,26242.160611979165,0,0.0,0.0,-0.00290724465500225,0.9229291445511221,1.0,-0.0
2023-09-21,26567.6328125,26572.793075197733,-0.2070255226355209,54.17809748628302,0,26597.754296875,26260.026497395833,0,0.0,0.0,-0.02080107760178318,0.9037312237943668,1.0,-0.0
2023-09-22,26579.568359375,26577.98096381729,-0.3522243282452076,59.370603846183094,0,26672.3767578125,26264.957421875,0,0.0,0.0,0.0004492514240630463,0.9041372263336266,1.0,0.0
2023-09-23,26579.390625,26577.8460376085,-0.5172503756668728,59.53283106791041,0,26707.4833984375,26278.8580078125,0,0.0,0.0,-6.686879658768241e-06,0.9041311804767991,1.0,-0.0
2023-09-24,26256.826171875,26258.901597354277,-0.4762717220701923,55.521151270325745,0,26679.1986328125,26285.829947916667,0,0.0,0.0,-0.01213588594546644,0.8931587475907927,1.0,-0.0
2023-09-25,26298.48046875,26298.86904931596,-0.2784427214686203,67.65190289530508,0,26648.17734375,26295.497200520833,0,0.0,0.0,0.0015864178176880905,0.8945756705419947,1.0,0.0
2023-09-26,26217.25,26220.04880104738,-0.3830686986262855,57.30461927236241,0,26613.07421875,26299.749088541666,0,0.0,0.0,-0.0030887894396227633,0.8918125146578811,1.0,-0.0
2023-09-27,26352.716796875,26350.72330440842,-0.2929720937533533,52.6261794076922,0,26594.9271484375,26307.96796875,0,0.0,0.0,0.005167086436411061,0.8964205870061915,1.0,0.0
2023-09-28,27021.546875,27011.507683614815,-0.1702378863147983,58.83911611346731,0,26621.6537109375,26284.439778645832,0,0.0,0.0,0.02537992888096885,0.919171677751845,1.0,0.0
2023-09-29,26911.720703125,26914.37047122591,-0.3617031179832242,55.47651891772831,0,26591.7140625,26271.58828125,0,0.0,0.0,-0.004064392478456136,0.9154358032983806,1.0,-0.0
2023-09-30,26967.916015625,26969.039250599682,-0.6250578880846708,57.181505043932155,0,26575.3048828125,26306.136393229168,0,0.0,0.0,0.0020881352448591795,0.9173473570636539,1.0,0.0
2023-10-01,27983.75,27970.184665922432,-0.4081071995413805,69.25495295329992,0,26716.9166015625,26378.90390625,0,0.0,0.0,0.037668241913332734,0.951902219228084,1.0,0.0
2023-10-02,27530.78515625,27535.11681637469,0.1268482574389688,59.713584016137105,0,26812.03828125,26434.303450520834,0,0.0,0.0,-0.016186709920936293,0.9364940541323435,1.0,-0.0
2023-10-03,27429.978515625,27427.09341892699,-0.3091191837850172,53.005535418578816,0,26897.0970703125,26482.983854166665,0,0.0,0.0,-0.003661597010505724,0.9330649903033762,1.0,-0.0
2023-10-04,27799.39453125,27791.588794026706,-0.3228690150435582,58.48816631839803,0,27051.35390625,26549.216471354168,0,0.0,0.0,0.013467601347721292,0.9456311376242975,1.0,0.0
2023-10-05,27415.912109375,27419.92714245495,-0.284711934354794,61.30923025085447,0,27163.0970703125,26603.7474609375,0,0.0,0.0,-0.01379463216164356,0.9325865039201738,1.0,-0.0
2023-10-06,27946.59765625,27934.186734736537,-0.2007371607686593,66.0106130624207,0,27336.0318359375,26676.859505208333,0,0.0,0.0,0.01935684447622399,0.9506384358371821,1.0,0.0
2023-10-07,27968.83984375,27966.5861377992,-0.5615299490887732,66.1895212494322,0,27497.644140625,26734.480989583335,0,0.0,0.0,0.0007958817661306572,0.9513950316344479,1.0,0.0
2023-10-08,27935.08984375,27936.48321176174,-0.4906212079868189,70.96579627087561,0,27588.9984375,26802.128841145834,0,0.0,0.0,-0.001206700034343422,0.9502469832171004,1.0,-0.0
2023-10-09,27583.677734375,27588.11425702898,-0.2779313607980889,64.90207295260431,0,27656.194140625,26858.3955078125,0,0.0,0.0,-0.012579594744121514,0.9382932612614053,1.0,-0.0
2023-10-10,27391.01953125,27395.974886678705,-0.3837002744912632,63.26721910504277,0,27698.5044921875,26910.3552734375,0,0.0,0.0,-0.006984500217130485,0.9317397517743929,1.0,-0.0
2023-10-11,26873.3203125,26881.48517727424,-0.1926418138638364,55.41640537907664,0,27587.4615234375,26967.377473958335,0,0.0,0.0,-0.018900326735168282,0.9141295660337123,1.0,-0.0
2023-10-12,26756.798828125,26759.13387274001,-0.4138787706074595,46.88787573084445,0,27510.062890625,26998.159309895833,0,0.0,0.0,-0.0043359541366684295,0.9101659421604176,1.0,-0.0
2023-10-13,26862.375,26861.462512927224,-0.1137580979643376,49.419359049610385,0,27453.3025390625,27019.2943359375,0,0.0,0.0,0.003945769916393171,0.9137572475539198,1.0,0.0
2023-10-14,26861.70703125,26863.71879522155,-0.6220972382072149,48.733712962518794,0,27359.5337890625,27030.028776041665,0,0.0,0.0,-2.4866332556272575e-05,0.9137345257623265,1.0,-0.0
2023-10-15,27159.65234375,27153.953728578737,-0.5331859355025835,38.14530485091233,0,27333.9078125,27048.394075520835,0,0.0,0.0,0.011091823470242623,0.9238695078207481,1.0,0.0
2023-10-16,28519.466796875,28500.746384350055,0.5449099626761525,61.279424367326804,0,27391.1947265625,27113.43359375,0,0.0,0.0,0.05006744695824206,0.9701252953999006,1.0,0.0
2023-10-17,28415.748046875,28417.013131899934,-0.128980688212705,61.23873374359029,0,27435.885546875,27176.152278645834,0,0.0,0.0,-0.0036367703063566736,0.9665971725321447,1.0,-0.0
2023-10-18,28328.341796875,28329.107972096157,-0.2406809398186754,56.44494874664034,0,27475.2107421875,27228.620963541667,0,0.0,0.0,-0.0030759792019486865,0.9636239397327735,1.0,-0.0
2023-10-19,28719.806640625,28714.846138875255,-0.1510498340196556,65.85643573763016,0,27588.8236328125,27278.910611979165,0,0.0,0.0,0.013818840741083749,0.9769401054902364,1.0,0.0
2023-10-20,29682.94921875,29668.29027159479,0.2174752397466419,69.10589897951377,0,27818.0166015625,27363.9419921875,0,0.0,0.0,0.033535830870205396,1.0097026036382775,1.0,0.0
2023-10-21,29918.412109375,29909.572479176346,-0.3021869012558646,70.4905803530556,0,28122.52578125,27475.634635416667,0,0.0,0.0,0.007932597562652743,1.0177121680509027,1.0,0.0
2023-10-22,29993.896484375,29990.144416689123,-0.359099099985723,71.45048482443556,0,28446.235546875,27589.445572916666,0,0.0,0.0,0.002523007395046406,1.020279863376924,1.0,0.0
2023-10-23,33086.234375,33038.92363653074,1.092373310857223,86.48958444773884,-1,29068.621484375,27806.340364583335,-1,0.0,0.0,0.10309890521346299,1.1254696003024263,1.0,0.0
2023-10-24,33901.52734375,33883.65869729958,1.4340370861931475,89.88042739096166,-1,29772.603515625,28061.163736979168,-1,-1.0,0.0,0.02464145540134477,1.1532028092638478,1.0,-0.02464145540134477
2023-10-25,34502.8203125,34487.6357589844,0.4107927212297675,96.26110073429341,-1,30506.9203125,28334.641731770833,-1,-1.0,-0.017427357048031222,0.017736456610143003,1.173656540853051,0.9825726429519688,-0.017736456610143003
2023-10-26,34156.6484375,34160.486355796886,0.1078270766895473,93.65291585697204,0,31070.6384765625,28599.288346354166,0,-1.0,-0.007469148918894164,-0.010033147199696724,1.1618810720167856,0.9752336615581291,0.010033147199696724
2023-10-27,33909.80078125,33918.72566199814,-0.0486262735191956,90.89233056734807,0,31620.04375,28851.191145833334,0,0.0,0.0,-0.007226928505637331,1.153484240577267,0.9752336615581291,-0.0
2023-10-28,34089.57421875,34084.628534751304,-0.3739787422137389,91.08537287238389,0,32196.1669921875,29086.792057291666,0,0.0,0.0,0.005301518539129857,1.1595994586632814,0.9752336615581291,0.0
2023-10-29,34538.48046875,34533.38991189195,-0.3219867743607828,91.23578561879656,0,32778.034375,29341.0173828125,0,0.0,0.0,0.013168432293093613,1.174869565621797,0.9752336615581291,0.0
2023-10-30,34502.36328125,34507.42892508697,-0.0087571330369314,89.24023958858278,0,33259.97578125,29592.165625,0,0.0,0.0,-0.0010457086417764438,1.173640994364066,0.9752336615581291,-0.0
2023-10-31,34667.78125,34674.47117507273,-0.0829288359805324,90.6762282322701,0,33734.9126953125,29814.966666666667,0,0.0,0.0,0.004794395311462418,1.179267893244785,0.9752336615581291,0.0
2023-11-01,35437.25390625,35434.56003924688,0.2647958852398082,92.48090394045377,-1,34279.2484375,30078.515625,-1,0.0,0.0,0.022195613001625203,1.2054424670284882,0.9752336615581291,0.0
2023-11-02,34938.2421875,34955.33511861619,0.1895051018143953,86.68809371977314,0,34464.44921875,30328.791080729166,0,-1.0,-0.02967278199591017,-0.014081557224217889,1.1884679599485242,0.9462957657236415,0.014081557224217889
2023-11-03,34732.32421875,34746.763951296685,-0.0101299182756995,82.71376668917367,0,34547.52890625,30559.888736979166,0,0.0,0.0,-0.005893770145759425,1.181463402966988,0.9462957657236415,-0.0
2023-11-04,35082.1953125,35092.188453570496,-0.405124044838721,82.96628304506226,0,34605.46640625,30815.431510416667,0,0.0,0.0,0.010073356782761111,1.1933647053508494,0.9462957657236415,0.0
2023-11-05,35049.35546875,35065.765260693646,-0.2568705481325926,82.45142369550265,0,34694.737109375,31052.190104166668,0,0.0,0.0,-0.0009360829177728069,1.1922476170354974,0.9462957657236415,-0.0
2023-11-06,35037.37109375,35048.27479719965,-0.2422766968400673,70.71746345655642,0,34807.494140625,31287.8078125,0,0.0,0.0,-0.0003419285416157436,1.1918399535465596,0.9462957657236415,-0.0
2023-11-07,35443.5625,35448.4028325392,0.0770238302086007,67.93140695505713,0,34942.89296875,31538.090234375,0,0.0,0.0,0.011593090279608864,1.2056570617268696,0.9462957657236415,0.0
2023-11-08,35655.27734375,35660.72865523996,-0.0030101822077194,64.73640413138186,0,35054.57265625,31807.1435546875,0,0.0,0.0,0.005973294692089626,1.212858806654163,0.9462957657236415,0.0
2023-11-09,36693.125,36682.8094509677,1.0611311274005186,77.55893013267237,-1,35273.648828125,32117.213736979167,-1,0.0,0.0,0.029107827327892632,1.2481624913713663,0.9462957657236415,0.0
2023-11-10,37313.96875,37307.81845596552,0.2785734948009336,84.2064854655202,-1,35538.267578125,32465.2353515625,-1,0.0,-0.04761904761904767,0.01691989303173269,1.2692812672115907,0.9012340625939442,-0.01691989303173269
2023-11-11,37138.05078125,37142.31815215244,-0.178282687894546,80.65610450910793,0,35708.347265625,32811.277083333334,0,-1.0,0.0,-0.0047145338500075296,1.2632971977121412,0.9012340625939442,0.0047145338500075296
2023-11-12,37054.51953125,37057.06092811423,-0.301949348174143,77.30859570426776,0,35919.975,33151.015234375,0,0.0,0.0,-0.002249209321512735,1.2604557778792063,0.9012340625939442,-0.0
2023-11-13,36502.35546875,36511.71648867399,0.088616818577053,69.52077827206887,0,36096.978125,33472.37018229167,0,0.0,0.0,-0.014901395821212304,1.241673227417894,0.9012340625939442,-0.0
2023-11-14,35537.640625,35550.41070231922,0.3381638931355144,57.34427501157623,0,36142.52265625,33751.636458333334,0,0.0,0.0,-0.026428838121854925,1.2088572466902254,0.9012340625939442,-0.0
2023-11-15,37880.58203125,37845.963362361,0.5205747030127719,66.2986503346282,0,36425.6453125,34063.6736328125,0,0.0,0.0,0.06592844558740318,1.28855532590158,0.9012340625939442,0.0
2023-11-16,36154.76953125,36178.387918998706,0.4499464428703164,56.97366706271242,0,36537.38515625,34321.641015625,0,0.0,0.0,-0.04555929205565723,1.2298496574789575,0.9012340625939442,-0.0
2023-11-17,36596.68359375,36591.98159661732,0.2647312288862006,60.40577816808978,0,36652.697265625,34597.25240885417,0,0.0,0.0,0.012222842746045792,1.2448819164436011,0.9012340625939442,0.0
2023-11-18,36585.703125,36587.87577695632,-0.2842560112270106,58.72165165238656,0,36745.73984375,34859.448958333334,0,0.0,0.0,-0.000300039994658885,1.2445084020800405,0.9012340625939442,-0.0
2023-11-19,37386.546875,37381.98718069652,-0.2307057983460854,62.448552435840085,0,36815.08203125,35116.235546875,0,0.0,0.0,0.021889527372586093,1.2717501028127849,0.9012340625939442,0.0
2023-11-20,37476.95703125,37472.99993084516,0.183788573097414,62.886278439056284,0,36831.380859375,35368.18704427083,0,0.0,0.0,0.0024182537251242753,1.2748255172363392,0.9012340625939442,0.0
2023-11-21,35813.8125,35845.885392518365,0.4065213307887606,51.72646439094335,0,36698.95703125,35562.184244791664,0,0.0,0.0,-0.04437779006078835,1.218251578068289,0.9012340625939442,-0.0
2023-11-22,37432.33984375,37416.176036482975,0.3662316528940768,57.325317469927626,0,36736.7390625,35707.054427083334,0,0.0,0.0,0.045192824521265385,1.273307807858684,0.9012340625939442,0.0
2023-11-23,37289.62109375,37295.84088481228,-0.1631697633902319,52.65475971506486,0,36815.465625,35819.990885416664,0,0.0,0.0,-0.003812712499291715,1.2684530512642154,0.9012340625939442,-0.0
2023-11-24,37720.28125,37711.785475617275,0.2895798884630223,51.83947008774337,0,37033.7296875,35927.239583333336,0,0.0,0.0,0.011549062275727495,1.2831024945471023,0.9012340625939442,0.0
2023-11-25,37796.79296875,37796.70231526294,-0.429130101536318,53.00936368620016,0,37025.35078125,36048.577734375,0,0.0,0.0,0.0020283973558654633,1.2857051362543461,0.9012340625939442,0.0
2023-11-26,37479.12109375,37489.93735500136,-0.1876140659816235,51.89910085441892,0,37157.7859375,36167.555078125,0,0.0,0.0,-0.008404730932136117,1.2748991305260629,0.9012340625939442,-0.0
2023-11-27,37254.16796875,37254.55283121447,0.0857683115139155,53.463997563769276,0,37223.534375,36273.04153645833,0,0.0,0.0,-0.006002091789647501,1.2672470689221036,0.9012340625939442,-0.0
2023-11-28,37831.0859375,37821.4785436749,0.2257946241727342,60.958732799111246,0,37348.07265625,36382.79505208333,0,0.0,0.0,0.01548599794884531,1.2868716544321115,0.9012340625939442,0.0
2023-11-29,37858.4921875,37855.48660839068,0.1754873534373273,49.86445408433041,0,37395.2671875,36494.666015625,0,0.0,0.0,0.0007244373065387055,1.2878039122673093,0.9012340625939442,0.0
2023-11-30,37712.74609375,37717.64983611766,0.0396540793600243,61.85962395748589,0,37418.84609375,36596.16484375,0,0.0,0.0,-0.0038497596002547985,1.2828461767928125,0.9012340625939442,-0.0
2023-12-01,38688.75,38676.57088907171,0.3202463219281607,64.72768431432831,0,37706.33984375,36704.548046875,0,0.0,0.0,0.025879947957747618,1.3160461690860061,0.9012340625939442,0.0
2023-12-02,39476.33203125,39468.31502511904,-0.0945873449189923,68.34365451706924,0,37910.7390625,36855.817708333336,0,0.0,0.0,0.020356874575942596,1.3428367558862397,0.9012340625939442,0.0
2023-12-03,39978.390625,39971.10068379622,-0.0823347970652927,67.09588984622995,0,38179.616015625,37030.68658854167,0,0.0,0.0,0.012717964611113297,1.3599149062261031,0.9012340625939442,0.0
2023-12-04,41980.09765625,41949.90816254869,1.169974843964668,73.72169169151043,-1,38605.59765625,37260.61666666667,-1,0.0,0.0,0.05006972516793251,1.4280054718326187,0.9012340625939442,0.0
2023-12-05,44080.6484375,44052.978717410464,0.9857153343605468,91.62968540750987,-1,39233.983203125,37561.659765625,-1,0.0,-0.04761904761904767,0.05003682455553493,1.4994583310910514,0.8583181548513754,-0.05003682455553493
2023-12-06,43746.4453125,43749.81997447294,0.6528400494400722,86.52013225240744,0,39860.715625,37851.962239583336,0,-1.0,0.0,-0.007581629055975703,1.4880899942398267,0.8583181548513754,0.007581629055975703
2023-12-07,43292.6640625,43298.06757198821,0.5346094583907872,83.51500628305912,0,40464.565234375,38113.598958333336,0,0.0,0.0,-0.010372985662227885,1.4726540580654721,0.8583181548513754,-0.0
2023-12-08,44166.6015625,44155.48793092872,0.3674726486673186,84.29247196353347,-1,41098.116796875,38397.309765625,-1,0.0,0.0,0.02018673414826888,1.502382134028009,0.8583181548513754,0.0
2023-12-09,43725.984375,43730.307917753045,0.0007756519767814,80.36519705220891,0,41684.866015625,38631.73841145833,0,-1.0,0.00046793543455825315,-0.009976252913108663,1.4873939898868096,0.858719792330155,0.009976252913108663
2023-12-10,43779.69921875,43775.07322945752,-0.2263127139969616,83.16380115059278,0,42291.561328125,38847.26276041667,0,0.0,0.0,0.0012284421841561866,1.489221167408447,0.858719792330155,0.0
2023-12-11,41243.83203125,41279.59419762106,1.2103490777548285,66.89090767166857,0,42547.06953125,38984.12213541667,0,0.0,0.0,-0.05792335792051162,1.4029604767058454,0.858719792330155,-0.0
2023-12-12,41450.22265625,41453.11045293471,0.3861068764976315,65.81850478516688,0,42744.45859375,39130.64557291667,0,0.0,0.0,0.005004157345118276,1.4099811116802636,0.858719792330155,0.0
2023-12-13,42890.7421875,42870.25675023716,0.4910463385618231,69.57665686204786,0,43035.69375,39343.591796875,0,0.0,0.0,0.03475299863154757,1.4589821833249959,0.858719792330155,0.0
2023-12-14,43023.97265625,43026.62212612547,0.4276492652318491,70.6820821628423,0,43140.08125,39593.13619791667,0,0.0,0.0,0.0031062756659134827,1.4635141841780597,0.858719792330155,0.0
2023-12-15,41929.7578125,41954.66041553975,0.1188622958316066,62.50545617216665,0,42924.9921875,39728.108723958336,0,0.0,0.0,-0.025432678020983368,1.426293099152717,0.858719792330155,-0.0
2023-12-16,42240.1171875,42256.87498132976,-0.1542384506862316,61.071834876024006,0,42774.359375,39930.95364583333,0,0.0,0.0,0.007401888090740938,1.4368503610572414,0.858719792330155,0.0
2023-12-17,41364.6640625,41391.68193471636,-0.0350734343111384,55.392152095987434,0,42581.559375,40089.886328125,0,0.0,0.0,-0.02072563201266564,1.4070707292167033,0.858719792330155,-0.0
2023-12-18,42623.5390625,42613.31854518544,0.4092497970397046,52.65627706130332,0,42427.253125,40291.14752604167,0,0.0,0.0,0.030433584522719714,1.4498929351837646,0.858719792330155,0.0
2023-12-19,42270.52734375,42281.11916390207,0.302476244155671,41.2674141583708,0,42281.707421875,40453.946875,0,0.0,0.0,-0.008282083715112631,1.4378848005166223,0.858719792330155,-0.0
2023-12-20,43652.25,43642.9713836789,0.5467313387733002,49.587286069595535,0,42268.9625,40659.78997395833,0,0.0,0.0,0.032687613405284255,1.484885822997244,0.858719792330155,0.0
2023-12-21,43869.15234375,43866.0039890727,0.2651335319148936,52.57940828865687,0,42531.49453125,40928.30130208333,0,0.0,0.0,0.0049688697318006625,1.4922640272183147,0.858719792330155,0.0
2023-12-22,43997.90234375,43993.79663503068,0.1910827918153497,49.19125013810939,0,42786.2625,41147.15338541667,0,0.0,0.0,0.002934864092908329,1.4966436193289365,0.858719792330155,0.0
2023-12-23,43739.54296875,43734.3568659499,-0.1999362211579292,50.06615644942473,0,42871.142578125,41362.15078125,0,0.0,0.0,-0.005872083923035065,1.487855202393362,0.858719792330155,-0.0
2023-12-24,43016.1171875,43022.80090816958,0.0768063097171037,46.50281078284354,0,42870.35703125,41538.67864583333,0,0.0,0.0,-0.01653939964043194,1.4632469705938824,0.858719792330155,-0.0
2023-12-25,43613.140625,43599.59141171977,0.1956213137188843,63.19472996555473,0,43038.6953125,41732.556901041666,0,0.0,0.0,0.013879063861056418,1.4835554687432522,0.858719792330155,0.0
2023-12-26,42520.40234375,42532.57122581042,0.6589277991869468,55.42435178871389,0,43066.723828125,41900.599609375,0,0.0,0.0,-0.025055253200995553,1.4463846108361684,0.858719792330155,-0.0
2023-12-27,43442.85546875,43425.80877228181,0.4111370676356499,52.95357688711833,0,43274.54296875,42106.88919270833,0,0.0,0.0,0.021694364920222586,1.4777630063986424,0.858719792330155,0.0
2023-12-28,42627.85546875,42637.97342485483,0.2931743876737824,48.02500114909307,0,43274.974609375,42266.781510416666,0,0.0,0.0,-0.01876027694786908,1.4500397631352884,0.858719792330155,-0.0
2023-12-29,42099.40234375,42109.35959196114,0.4495635552309767,50.896401802009336,0,43257.862109375,42408.145182291664,0,0.0,0.0,-0.012396896798793966,1.4320637698375525,0.858719792330155,-0.0
2023-12-30,42156.90234375,42157.48664624652,-0.0696367315154668,49.548220174536354,0,43108.32734375,42556.28372395833,0,0.0,0.0,0.0013658151137276864,1.4340197041782183,0.858719792330155,0.0
2023-12-31,42265.1875,42270.487211093845,-0.0496938870600073,55.33327472608824,0,42947.930859375,42675.498307291666,0,0.0,0.0,0.002568622223877659,1.437703159059849,0.858719792330155,0.0
2024-01-01,44167.33203125,44141.02844752572,0.0558234744103929,58.495664365248366,0,42964.873828125,42831.864973958334,0,0.0,0.0,0.0450049945064126,1.5024069818351895,0.858719792330155,0.0
2024-01-02,44957.96875,44950.33096579043,1.1428943672155734,64.10968220119122,0,43086.71640625,42997.850911458336,0,0.0,0.0,0.017900939051301412,1.5293014776472709,0.858719792330155,0.0
2024-01-03,42848.17578125,42881.46405965975,1.5072071033698218,46.078247201714696,0,43069.922265625,43026.786848958334,0,0.0,0.0,-0.04692812036242189,1.4575342338338102,0.858719792330155,-0.0
2024-01-04,44179.921875,44164.801502544666,0.6808290573621995,51.3670644637472,0,43126.600390625,43030.095963541666,0,0.0,0.0,0.03108057856532498,1.5028352411001327,0.858719792330155,0.0
2024-01-05,44162.69140625,44162.772153781305,0.7789873475940202,50.73208418916114,0,43290.829296875,43043.97083333333,0,0.0,0.0,-0.0003900067727314882,1.502249125177804,0.858719792330155,-0.0
2024-01-06,43989.1953125,43985.975891524315,-0.0655513035254439,51.11752015474028,0,43345.46328125,43067.18854166667,0,0.0,0.0,-0.003928567037593367,1.496347438782377,0.858719792330155,-0.0
2024-01-07,43943.09765625,43937.40273874962,0.1028034997355045,54.417306843924564,0,43476.9875,43059.73841145833,0,0.0,0.0,-0.0010479313368322307,1.4947793694104883,0.858719792330155,-0.0
2024-01-08,46970.50390625,46926.88472850049,1.3202358919715154,62.989895362639764,0,43964.09765625,43167.8890625,0,0.0,0.0,0.06889378335779228,1.597760375454352,0.858719792330155,0.0
2024-01-09,46139.73046875,46142.38835197016,1.1681634919874773,64.29319824016882,0,44362.38046875,43246.55677083333,0,0.0,0.0,-0.017687130611972357,1.5695005790070569,0.858719792330155,-0.0
2024-01-10,46627.77734375,46612.62137338666,1.7033372344743705,63.024550704597935,0,44798.639453125,43426.02161458333,0,0.0,0.0,0.010577584004972662,1.5861021032273572,0.858719792330155,0.0
2024-01-11,46368.5859375,46369.642596632024,1.480764401998358,66.02602314470039,0,45018.76484375,43589.967057291666,0,0.0,0.0,-0.005558733892443213,1.577285383709272,0.858719792330155,-0.0
2024-01-12,42853.16796875,42908.01530902778,1.3507297476294515,52.57121598299536,0,44808.284765625,43588.714583333334,0,0.0,0.0,-0.07581464687080208,1.457704049328876,0.858719792330155,-0.0
2024-01-13,42842.3828125,42836.3617898614,0.1689006441249207,52.3457603392552,0,44807.70546875,43582.66158854167,0,0.0,0.0,-0.0002516769882185965,1.4573371787640268,0.858719792330155,-0.0
2024-01-14,41796.26953125,41812.9437323893,0.0087418820294715,48.49211646840495,0,44569.340234375,43578.21197916667,0,0.0,0.0,-0.0244177193838242,1.4217523284853528,0.858719792330155,-0.0
2024-01-15,42511.96875,42501.011340159064,0.2582421776387593,44.2371769016556,0,44404.26796875,43587.273697916666,0,0.0,0.0,0.01712351907901466,1.4460977316078052,0.858719792330155,0.0
2024-01-16,43154.9453125,43143.07038607341,0.348846713508608,43.65792411174334,0,44320.84296875,43646.94973958333,0,0.0,0.0,0.015124600939588229,1.467969382718017,0.858719792330155,0.0
2024-01-17,42742.65234375,42755.80309237496,0.1818660803539544,49.578488725891916,0,44200.7984375,43650.920182291666,0,0.0,0.0,-0.009553782672285682,1.4539447222659596,0.858719792330155,-0.0
2024-01-18,41262.05859375,41287.21472248253,0.4089230374531605,38.481622512318324,0,43629.95390625,43617.30455729167,0,0.0,0.0,-0.034639725632667706,1.4035804760016015,0.858719792330155,-0.0
2024-01-19,41618.40625,41619.70140681135,0.4366895332048029,40.218229373320426,0,43177.821484375,43549.509765625,0,0.0,0.0,0.00863620644230223,1.4157020867507362,0.858719792330155,0.0
2024-01-20,41665.5859375,41668.821585215024,-0.2998189676609328,40.97902216679143,0,42681.60234375,43476.05755208333,0,0.0,0.0,0.0011336255217606617,1.4173069627674866,0.858719792330155,0.0
2024-01-21,41545.78515625,41555.21706255102,-0.4164194094427783,40.74584302409744,0,42199.322265625,43394.3203125,0,0.0,0.0,-0.0028752933279206916,1.4132317895138258,0.858719792330155,-0.0
2024-01-22,39507.3671875,39539.46845623999,0.727134300993595,18.809079988807227,1,41864.7421875,43253.247786458334,0,0.0,0.0,-0.049064374667218136,1.3438924555014962,0.858719792330155,-0.0
2024-01-23,39845.55078125,39845.92036569473,0.6182543118290289,22.564929094581885,1,41565.058984375,43147.562239583334,0,0.0,0.0,0.008560013431039293,1.3553961929704614,0.858719792330155,0.0
2024-01-24,40077.07421875,40068.44491731255,0.2602857681463553,20.793662514916832,0,41393.139453125,43029.693359375,0,0.0,0.0,0.005810521700930993,1.3632717519630755,0.858719792330155,0.0
2024-01-25,39933.80859375,39927.62317707616,0.0591927625811515,21.010854059898477,0,41135.3234375,42943.47356770833,0,0.0,0.0,-0.0035747525934159974,1.3583983927322147,0.858719792330155,-0.0
2024-01-26,41816.87109375,41783.76778931089,0.4286677800300004,44.52635557767362,0,41001.516015625,42889.274088541664,0,0.0,0.0,0.04715459322091098,1.4224531163734415,0.858719792330155,0.0
2024-01-27,42120.0546875,42116.421672223136,-0.3083326570702493,46.29903306845056,0,40939.25625,42872.347395833334,0,0.0,0.0,0.007250269707417489,1.4327662851133054,0.858719792330155,0.0
2024-01-28,42035.59375,42033.63337399721,-0.0257008399855632,51.360262234633744,0,41016.609765625,42870.220442708334,0,0.0,0.0,-0.002005242826170095,1.4298932407985037,0.858719792330155,-0.0
2024-01-29,43288.24609375,43265.37476057188,0.172364170409594,54.158357707442896,0,41183.59375,42907.931901041666,0,0.0,0.0,0.029799801358818767,1.4725037753386168,0.858719792330155,0.0
2024-01-30,42952.609375,42955.311198724026,0.337405375257293,48.87922416814883,0,41312.29609375,42930.845963541666,0,0.0,0.0,-0.007753530092744043,1.4610866730048495,0.858719792330155,-0.0
2024-01-31,42582.60546875,42583.60702789696,0.3806013397520713,49.109298151639315,0,41415.978125,42878.021744791666,0,0.0,0.0,-0.00861423582021903,1.4485005278498064,0.858719792330155,-0.0
2024-02-01,43075.7734375,43064.79986221099,0.2116431853868107,61.340130900550655,0,41772.81875,42815.281901041664,0,0.0,0.0,0.011581441842771323,1.4652762524723226,0.858719792330155,0.0
2024-02-02,43185.859375,43181.040368291,0.0650190756886682,60.111785339891945,0,42106.849609375,42826.53802083333,0,0.0,0.0,0.0025556346111748063,1.4690209631780735,0.858719792330155,0.0
2024-02-03,42992.25,42986.48891862419,-0.3215229378453967,58.399739618113166,0,42398.3671875,42786.948958333334,0,0.0,0.0,-0.0044831659668692625,1.4624350983913361,0.858719792330155,-0.0
2024-02-04,42583.58203125,42583.07029584583,-0.1326358534702342,56.33891265301136,0,42663.34453125,42734.31197916667,0,0.0,0.0,-0.009505619472114146,1.4485337468433643,0.858719792330155,-0.0
2024-02-05,42658.66796875,42659.479398666444,0.0708237210993806,75.32145666337934,0,42747.52421875,42689.96106770833,0,0.0,0.0,0.0017632602500394778,1.451087888820014,0.858719792330155,0.0
2024-02-06,43084.671875,43080.67754175789,-0.028846113563667,75.66490143704753,-1,42843.9859375,42661.346875,-1,0.0,0.0,0.009986338686479135,1.4655789439416187,0.858719792330155,0.0
2024-02-07,44318.22265625,44301.845817037276,0.1961824359302152,78.99955341498645,-1,43072.248828125,42572.9375,-1,-1.0,-0.0129016307396832,0.028630850081180936,1.5075397149677467,0.847640906660654,-0.028630850081180936
2024-02-08,45301.56640625,45291.73786480659,0.4575965264774515,82.92086798361701,-1,43273.580859375,42544.998697916664,-1,-1.0,-0.03432819695028133,0.022188248784866804,1.5409893812165183,0.818542922673692,-0.022188248784866804
2024-02-09,47147.19921875,47125.70676014431,1.1419323172764888,82.8420928998942,-1,43693.03984375,42562.312760416666,-1,0.0,-0.04761904761904767,0.040741037427910465,1.603770887272673,0.7795646882606591,-0.040741037427910465
2024-02-10,47771.27734375,47766.639510594236,-0.0496323926195491,83.4947590098402,-1,44211.90703125,42609.069140625,-1,-1.0,0.0,0.013236801662479536,1.6249996844195602,0.7795646882606591,-0.013236801662479536
2024-02-11,48293.91796875,48289.17948798303,0.1020388628287465,85.26150141848811,-1,44733.721484375,42790.427473958334,-1,-1.0,-0.010822079611312319,0.010940478338881565,1.6427779582676418,0.7711281771421343,-0.010940478338881565
2024-02-12,49958.22265625,49931.914831489616,0.8921203795245939,85.91487854455386,-1,45410.9578125,43027.62213541667,-1,-1.0,-0.04377548271778642,0.034461993507690414,1.6993913616000382,0.7373716689504507,-0.034461993507690414
2024-02-13,49742.44140625,49742.17308504201,0.9483274951226882,87.03831475590084,-1,46085.976953125,43292.49453125,-1,-1.0,-0.03962740884391591,-0.004319233922406296,1.6920512927835711,0.7081515403550306,0.004319233922406296
2024-02-14,51826.6953125,51787.890185637734,1.1309534729947843,92.48122217343492,-1,47010.28828125,43602.98541666667,-1,0.0,-0.04761904761904756,0.041900916949929146,1.7629497934775158,0.6744300384333625,-0.041900916949929146
2024-02-15,51938.5546875,51928.91086370578,1.1028127570360715,92.2081483250847,-1,47938.276953125,43895.77239583333,-1,-1.0,0.0,0.0021583350882306007,1.7667548298755673,0.6744300384333625,-0.0021583350882306007
2024-02-16,52160.203125,52152.44052681961,0.5629352207477375,92.2900748745158,-1,48845.830078125,44209.690755208336,-1,-1.0,-0.004249378342504273,0.004267512618200353,1.7742944784053276,0.6715641300345094,-0.004267512618200353
2024-02-17,51662.99609375,51663.5961409084,0.1380811824861125,89.7228309673697,0,49580.307421875,44556.388671875,0,-1.0,0.005333771066044157,-0.009532306269177337,1.7573813600254578,0.6751460993602806,0.009532306269177337
2024-02-18,52122.546875,52119.22190690006,0.0125865993919787,93.49756414709523,-1,50262.40546875,44906.526692708336,-1,0.0,0.0,0.008895163192163213,1.77301355401375,0.6751460993602806,0.0
2024-02-19,51779.14453125,51785.29523150617,0.2084316490482824,90.59586593103487,0,50725.6,45243.6453125,0,-1.0,0.0030786556574682322,-0.006588364620277343,1.7613322942432135,0.6772246417186937,0.006588364620277343
2024-02-20,52284.875,52285.33918175059,0.8319014381932379,90.66214015698223,0,51176.959765625,45601.614973958334,0,0.0,0.0,0.009767068832988945,1.7785353479988533,0.6772246417186937,0.0
2024-02-21,51839.1796875,51855.985186540376,0.5860374752860718,85.72857443476977,0,51531.4859375,46012.675390625,0,0.0,0.0,-0.008524364120598982,1.763374465091155,0.6772246417186937,-0.0
2024-02-22,51304.97265625,51329.585420025265,0.4190897915384984,79.79064561725079,0,51666.1609375,46394.65611979167,0,0.0,0.0,-0.010305082651198116,1.7452027454833783,0.6772246417186937,-0.0
2024-02-23,50731.94921875,50753.55949882722,0.211805634933432,70.36007110192904,0,51765.11171875,46749.818619791666,0,0.0,0.0,-0.011168964874795462,1.7257106373196778,0.6772246417186937,-0.0
2024-02-24,51571.1015625,51575.73270908285,-0.1133023837937021,71.06693088176374,0,51739.55234375,47137.72838541667,0,0.0,0.0,0.016540904827679226,1.7542554527316963,0.6772246417186937,0.0
2024-02-25,51733.23828125,51743.55804349491,-0.1008678287010388,69.86220220209381,0,51719.020703125,47468.27395833333,0,0.0,0.0,0.003143945229742817,1.7597707357940624,0.6772246417186937,0.0
2024-02-26,54522.40234375,54492.219684767726,0.8693698953240121,73.32754352339882,-1,51955.240625,47881.685546875,-1,0.0,0.0,0.053914352844811164,1.8546476361696365,0.6772246417186937,0.0
2024-02-27,57085.37109375,57052.12255073458,1.6847353551238635,80.26764092126957,-1,52497.478125,48383.34479166667,-1,0.0,-0.04761904761904767,0.04700762695380023,1.9418302203814461,0.6449758492558987,-0.04700762695380023
2024-02-28,62504.7890625,62423.4223838249,3.4255592115706244,84.52305357656144,-1,53535.70234375,49023.896223958334,-1,-1.0,0.0,0.09493531994124749,2.1261784936249417,0.6449758492558987,-0.09493531994124749
2024-02-29,61198.3828125,61207.002956069846,2.5030830778540434,77.79108280971637,0,54477.626171875,49632.088671875,0,-1.0,0.021347071441455867,-0.020900898468654838,2.081739452803449,0.658744194787978,0.020900898468654838
2024-03-01,62440.6328125,62419.7516106392,1.1871447158564592,79.07309949272673,-1,55493.201953125,50294.02291666667,-1,0.0,0.0,0.020298739001094468,2.1239961386241877,0.658744194787978,0.0
2024-03-02,62029.84765625,62026.10066092557,0.3397793014354309,79.46150963269388,-1,56512.26875,50925.825390625,-1,-1.0,0.00765665924059622,-0.006578811548619723,2.110022768298183,0.6637879746141905,0.006578811548619723
2024-03-03,63167.37109375,63141.73482447467,0.4627587075308523,80.2235848877105,-1,57698.50859375,51591.87578125,-1,-1.0,-0.010489308321326662,0.01833832389535761,2.1487170492498144,0.6568252978884733,-0.01833832389535761
2024-03-04,68330.4140625,68226.1827731691,2.772084041925268,85.83843997005798,-1,59458.355078125,52436.48125,-1,0.0,-0.04761904761904767,0.08173591649219114,2.324344406552645,0.625547902750927,-0.08173591649219114
2024-03-05,63801.19921875,63852.751329498555,4.442725802866181,71.23608555404306,0,60681.36484375,53143.73515625,0,-1.0,0.0,-0.06628402455760396,2.17027750482838,0.625547902750927,0.06628402455760396
2024-03-06,66106.8046875,66064.73447025841,2.6722461971366083,74.62066438433914,-1,62118.721484375,53925.33971354167,-1,0.0,0.0,0.03613733749494208,2.2487055554780437,0.625547902750927,0.0
2024-03-07,66925.484375,66910.8512356215,1.5408575770708723,76.69317749294797,-1,63359.0296875,54720.033463541666,-1,-1.0,-0.04668304137694179,0.012384196927533564,2.2765539679091225,0.5963454241235463,-0.012384196927533564
2024-03-08,68300.09375,68280.32954438707,2.175857397183825,79.22086697537101,-1,64480.501953125,55519.42916666667,-1,0.0,-0.04761904761904767,0.020539401213709896,2.3233130232406713,0.567948022974806,-0.020539401213709896
2024-03-09,68498.8828125,68492.6161893468,0.2212979830735754,78.76859215324299,-1,65079.911328125,56292.673046875,-1,-1.0,0.0,0.0029105240064184468,2.330075081569238,0.567948022974806,-0.0029105240064184468
2024-03-10,69019.7890625,69041.73098354579,0.9530549524502526,79.02437943012393,0,65862.051953125,57021.759375,0,-1.0,-0.007547201419701555,0.007604594828588107,2.3477943584847614,0.5636616048494938,-0.007604594828588107
2024-03-11,72123.90625,72098.93810741609,2.5145237245554646,79.24390052367914,-1,66830.379296875,57833.513671875,-1,0.0,0.0,0.04497430707429584,2.4533847829105544,0.5636616048494938,0.0
2024-03-12,71481.2890625,71507.6358829087,2.350112442840766,75.54826423719261,0,67775.5234375,58606.426041666666,0,-1.0,-0.04172289404843155,-0.008909905479502545,2.4315253563899715,0.5401440114311895,0.008909905479502545
2024-03-13,73083.5,73073.4616007732,1.6044438647116992,71.71617219938639,-1,68767.136328125,59377.26861979167,-1,0.0,0.0,0.022414410239567806,2.4860265632360075,0.5401440114311895,0.0
2024-03-14,71396.59375,71443.37011154453,2.196224065434476,70.61305868014752,0,69073.754296875,60099.07369791667,0,-1.0,-0.04058612302495168,-0.0230819028918976,2.428644339516716,0.5182216601320524,0.0230819028918976
2024-03-15,69403.7734375,69450.10051528398,3.169824425576449,63.6597370926441,0,69634.01171875,60684.976302083334,0,0.0,0.0,-0.027911980219644583,2.3608560667515737,0.5182216601320524,-0.0
2024-03-16,65315.1171875,65377.29629982929,1.533196779197679,55.63207743899719,0,69554.84296875,61130.86171875,0,0.0,0.0,-0.05891115205258901,2.2217753160288947,0.5182216601320524,-0.0
2024-03-17,68390.625,68353.87616129107,1.4226957237205915,58.39651980529336,0,69701.35703125,61671.87578125,0,0.0,0.0,0.04708722796395115,2.326392556819427,0.5182216601320524,0.0
2024-03-18,67548.59375,67556.21599597717,1.6589860249374118,48.54043630122321,0,69626.20703125,62201.395703125,0,0.0,0.0,-0.0123120859035869,2.2977498118144006,0.5182216601320524,-0.0
2024-03-19,61912.7734375,62000.98262299286,2.9564162574384945,46.614423245941154,0,68967.59609375,62527.736588541666,0,0.0,0.0,-0.08343356981432348,2.106040342474535,0.5182216601320524,-0.0
2024-03-20,67913.671875,67836.15493925088,2.570466300820308,52.86036373080704,0,68856.984375,63065.55416666667,0,0.0,0.0,0.09692504638897836,2.310168400365939,0.5182216601320524,0.0
2024-03-21,65491.390625,65546.07917879862,1.4103988241793377,47.83945051959871,0,68193.7328125,63505.77135416667,0,0.0,0.0,-0.03566706353999505,2.2277714772419985,0.5182216601320524,-0.0
2024-03-22,63778.76171875,63807.21055115851,1.2503023148843764,43.2570151251849,0,67423.480078125,63903.757421875,0,0.0,0.0,-0.02615044343853401,2.169514265232402,0.5182216601320524,-0.0
2024-03-23,64062.203125,64070.18391090135,0.383998311183447,43.3999281295936,0,66521.350390625,64328.9984375,0,0.0,0.0,0.004444134671348854,2.1791558787985075,0.5182216601320524,0.0
2024-03-24,67234.171875,67226.93868955635,0.5122979927419186,47.537888417683504,0,66105.108203125,64879.072526041666,0,0.0,0.0,0.04951388799118828,2.2870543588966763,0.5182216601320524,0.0
2024-03-25,69958.8125,69916.76703859078,1.317841515912765,46.98307253876648,0,66160.612109375,65491.99622395833,0,0.0,0.0,0.04052464020923141,2.3797364139299186,0.5182216601320524,0.0
2024-03-26,69987.8359375,69985.87512317766,0.9700283578299654,47.88275812725071,0,66627.883984375,66100.4828125,0,0.0,0.0,0.00041486463910467286,2.380723682418448,0.5182216601320524,0.0
2024-03-27,69455.34375,69468.14208111294,1.2204585312045004,44.69554107185242,0,66734.355859375,66598.24752604167,0,0.0,0.0,-0.007608353371227561,2.3626102953633583,0.5182216601320524,-0.0
2024-03-28,70744.953125,70730.2423403698,0.8849930020928471,49.036086490349426,0,67053.991796875,67053.56692708333,0,0.0,0.0,0.018567460837021654,2.4064779694956617,0.5182216601320524,0.0
2024-03-29,69892.828125,69885.98362863579,0.4095726566300761,50.74868010134373,0,67851.997265625,67299.83489583334,0,0.0,0.0,-0.01204502883045766,2.3774918729732253,0.5182216601320524,-0.0
2024-03-30,69645.3046875,69633.39153060029,-0.0115968722186305,57.51247167561364,0,68025.160546875,67581.39895833333,0,0.0,0.0,-0.0035414711944022903,2.369072053990165,0.5182216601320524,-0.0
2024-03-31,71333.6484375,71301.5834595001,0.1402570803027761,55.364054016031204,0,68609.386328125,67877.8328125,0,0.0,0.0,0.02424203264779501,2.4265031760679734,0.5182216601320524,0.0
2024-04-01,69702.1484375,69721.19936699422,0.9109177645690424,53.81534270055757,0,69201.725,68133.576171875,0,0.0,0.0,-0.022871394296192005,2.3710056651671607,0.5182216601320524,-0.0
2024-04-02,65446.97265625,65502.005228249705,1.734045325852794,56.583423355404804,0,69340.201953125,68209.562890625,0,0.0,0.0,-0.061047985989492126,2.2262605445390293,0.5182216601320524,-0.0
2024-04-03,65980.8125,65975.93371336901,0.8908742567363465,45.478605587533096,0,69214.866015625,68131.24283854167,0,0.0,0.0,0.008156830210526378,2.244419773805228,0.5182216601320524,0.0
2024-04-04,68508.84375,68481.93837991895,0.8883531008804014,57.02375427534767,0,69069.869140625,68288.16432291667,0,0.0,0.0,0.038314642609167615,2.330413915303524,0.5182216601320524,0.0
2024-04-05,67837.640625,67850.77592791912,0.8524109436022431,59.929290074102276,0,68854.849609375,68345.85885416667,0,0.0,0.0,-0.009797320875087778,2.3075821024035257,0.5182216601320524,-0.0
2024-04-06,68896.109375,68894.79685319249,0.1359336293244124,61.393227847984726,0,68798.926171875,68411.54635416667,0,0.0,0.0,0.015602971156545964,2.3435872393886896,0.5182216601320524,0.0
2024-04-07,69362.5546875,69385.85468566466,0.2002556494156874,55.74976847533091,0,68660.686328125,68446.96171875,0,0.0,0.0,0.006770270726916605,2.359453959471498,0.5182216601320524,0.0
2024-04-08,71631.359375,71611.64966005758,1.035070510127036,54.632430170366,0,68834.539453125,68551.37760416667,0,0.0,0.0,0.03270935878474601,2.4366301855679406,0.5182216601320524,0.0
2024-04-09,69139.015625,69175.49417298035,0.9916812389536356,47.9313116804187,0,68783.910546875,68555.35182291667,0,0.0,0.0,-0.03479403115822832,2.35184999897021,0.5182216601320524,-0.0
2024-04-10,70587.8828125,70579.975916813,1.0900351881527677,52.64213372643194,0,68709.333984375,68504.15104166667,0,0.0,0.0,0.0209558550176423,2.4011350265718723,0.5182216601320524,0.0
2024-04-11,70060.609375,70073.9576086416,0.665506489723311,48.34459225785627,0,68745.180078125,68456.79505208334,0,0.0,0.0,-0.007469744331340511,2.3831991618183537,0.5182216601320524,-0.0
2024-04-12,67195.8671875,67232.60480995761,1.3921468587806751,44.05499061779285,0,68920.06953125,68260.540625,0,0.0,0.0,-0.04088948430588779,2.2857513770933773,0.5182216601320524,-0.0
2024-04-13,63821.47265625,63852.3189586369,1.846582578685063,38.71762913723861,0,68704.135546875,68008.03658854167,0,0.0,0.0,-0.05021729270691988,2.170967131134634,0.5182216601320524,-0.0
2024-04-14,65738.7265625,65708.70040407508,1.649769894542223,39.256379113974944,0,68427.123828125,67885.868359375,0,0.0,0.0,0.03004089104268326,2.2361849181782962,0.5182216601320524,0.0
2024-04-15,63426.2109375,63446.695723825615,1.3644151022198547,38.25582340519719,0,67985.980859375,67822.90481770833,0,0.0,0.0,-0.03517737178558533,2.15752180993022,0.5182216601320524,-0.0
2024-04-16,63811.86328125,63799.17848716023,1.3255045893339776,46.422054452661214,0,67477.55625,67670.27942708334,0,0.0,0.0,0.006080330797783695,2.1706402562380287,0.5182216601320524,0.0
2024-04-17,61276.69140625,61315.638462891555,1.2770331325479958,40.53541246096487,0,66668.969921875,67461.216015625,0,0.0,0.0,-0.03972884891052719,2.08440321745884,0.5182216601320524,-0.0
2024-04-18,63512.75390625,63498.75870459585,0.9698136278184591,39.82847567779068,0,65857.109375,67514.54869791666,0,0.0,0.0,0.03649124077498622,2.1604656771392863,0.5182216601320524,0.0
2024-04-19,63843.5703125,63837.77067172257,1.6932409545276548,41.754198698842075,0,65327.56484375,67378.87864583333,0,0.0,0.0,0.005208661031110617,2.171718810520854,0.5182216601320524,0.0
2024-04-20,64994.44140625,64992.601107812094,0.2986539876328618,41.97558000736222,0,64768.220703125,67362.313671875,0,0.0,0.0,0.018026421268684478,2.210867128676429,0.5182216601320524,0.0
2024-04-21,64926.64453125,64942.12155655661,0.163950163022409,40.72473008357105,0,64254.82421875,67400.57643229167,0,0.0,0.0,-0.0010431180502996629,2.2085609332676923,0.5182216601320524,-0.0
2024-04-22,66837.6796875,66827.88507572805,0.5682446443210493,39.82440877554797,0,64219.00546875,67493.09231770833,0,0.0,0.0,0.029433758205850147,2.2735671817603804,0.5182216601320524,0.0
2024-04-23,66407.2734375,66407.1097723882,0.3617461567653834,43.64500055614401,0,64477.585546875,67465.52903645833,0,0.0,0.0,-0.006439574982440521,2.2589263754158186,0.5182216601320524,-0.0
2024-04-24,64276.8984375,64303.109256354335,0.6719156967236095,35.769640410397855,0,64331.402734375,67276.13190104166,0,0.0,0.0,-0.03208044676017341,2.18645900809414,0.5182216601320524,-0.0
2024-04-25,64481.70703125,64468.012154412194,0.7696161196267047,37.234744472154254,0,64436.95234375,67092.59427083333,0,0.0,0.0,0.0031863484195515657,2.193425828298995,0.5182216601320524,0.0
2024-04-26,63755.3203125,63757.89555932065,0.3528241371692728,41.273648276446956,0,64431.298046875,66902.59348958333,0,0.0,0.0,-0.011265004482557628,2.1687168765110494,0.5182216601320524,-0.0
2024-04-27,63419.140625,63406.37570810305,0.1132128399674412,48.793631123818045,0,64645.54296875,66658.39973958333,0,0.0,0.0,-0.005272966802647994,2.1572813044168644,0.5182216601320524,-0.0
2024-04-28,63113.23046875,63105.12011884902,-0.0009599650185408,41.285521321674395,0,64605.590625,66432.41315104166,0,0.0,0.0,-0.004823625063903991,2.1468753882469875,0.5182216601320524,-0.0
2024-04-29,63841.12109375,63827.98815531186,0.4826250067040828,51.539056955409556,0,64605.345703125,66238.94036458334,0,0.0,0.0,0.011533090916022948,2.171635497285012,0.5182216601320524,0.0
2024-04-30,60636.85546875,60678.31309670543,1.065195246440769,40.25950307289871,0,64169.587109375,65882.38059895833,0,0.0,0.0,-0.050191249309274655,2.0626383986319095,0.5182216601320524,-0.0
2024-05-01,58254.01171875,58290.11493413478,1.6162587740459264,40.6393363536905,0,63502.323828125,65500.776041666664,0,0.0,0.0,-0.03929695449375714,1.9815829913437952,0.5182216601320524,-0.0
2024-05-02,59123.43359375,59117.63475837682,0.7985252418836317,35.15015226939815,0,62730.89921875,65289.99140625,0,0.0,0.0,0.014924669552331737,2.0111574626801225,0.5182216601320524,0.0
2024-05-03,62889.8359375,62842.483378104196,0.8224526024805642,47.38194991310196,0,62379.15546875,65186.95885416667,0,0.0,0.0,0.06370405294167747,2.139276344156747,0.5182216601320524,0.0
2024-05-04,63891.47265625,63874.69209239559,0.1698686124021735,46.94728256686009,0,62340.612890625,65033.046484375,0,0.0,0.0,0.015926845790239064,2.1733482685928376,0.5182216601320524,0.0
2024-05-05,64031.1328125,64036.95955606204,0.049022169434644,47.53128762952741,0,62295.55546875,64906.162890625,0,0.0,0.0,0.002185896653241981,2.178098983299484,0.5182216601320524,0.0
2024-05-06,63161.94921875,63183.60819791208,0.589834041933944,39.24933992777193,0,62236.218359375,64715.02421875,0,0.0,0.0,-0.013574390387488533,2.148532617397585,0.5182216601320524,-0.0
2024-05-07,62334.81640625,62345.26101482428,0.4459610033451793,38.359151911677976,0,62127.7859375,64480.766276041664,0,0.0,0.0,-0.01309542885757653,2.120396661358272,0.5182216601320524,-0.0
2024-05-08,61187.94140625,61188.37090187198,0.4541467392162365,40.64439907141188,0,61935.25703125,64132.65234375,0,0.0,0.0,-0.018398626419713127,2.0813842753243343,0.5182216601320524,-0.0
2024-05-09,63049.9609375,63012.92991539209,0.4211402413933243,46.05922828493691,0,61856.141015625,63929.683854166666,0,0.0,0.0,0.03043115176709965,2.144723196092384,0.5182216601320524,0.0
2024-05-10,60792.77734375,60815.11081305226,0.5434062487567649,42.47955955291313,0,61871.733203125,63603.180338541664,0,0.0,0.0,-0.035799920573900024,2.067942276019276,0.5182216601320524,-0.0
2024-05-11,60793.7109375,60783.417487557366,-0.1825460154700203,43.21992418856179,0,62125.703125,63294.28372395833,0,0.0,0.0,1.5356984674586016e-05,2.0679740333771166,0.5182216601320524,0.0
2024-05-12,61448.39453125,61425.02131352892,-0.1847199997612124,45.776700356772395,0,62358.19921875,63102.70130208333,0,0.0,0.0,0.010768936188532141,2.0902439137820963,0.5182216601320524,0.0
2024-05-13,62901.44921875,62872.14560164543,0.5477853794061268,47.70086071969532,0,62359.360546875,63072.033854166664,0,0.0,0.0,0.023646747788683697,2.1396713844281328,0.5182216601320524,0.0
2024-05-14,61552.7890625,61559.81491973932,0.5632317968668155,52.464878381784885,0,62125.4921875,62932.502604166664,0,0.0,0.0,-0.02144084393922019,2.093795024193394,0.5182216601320524,-0.0
2024-05-15,66267.4921875,66202.32148328946,1.167845095262172,69.16041653863174,0,62349.128125,63027.21197916667,0,0.0,0.0,0.07659609250545496,2.2541715415539727,0.5182216601320524,0.0
2024-05-16,65231.58203125,65246.26813948936,0.739319734088666,64.4893659685047,0,62556.09140625,63074.5359375,0,0.0,0.0,-0.01563225228621834,2.2189337633199875,0.5182216601320524,-0.0
2024-05-17,67051.875,67024.25127124331,0.555173391391658,60.87720666572202,0,63027.797265625,63267.04205729167,0,0.0,0.0,0.02790508695432159,2.2808533029313116,0.5182216601320524,0.0
2024-05-18,66940.8046875,66932.94789269246,-0.03332781648842,58.35828984992684,0,63603.08359375,63381.31041666667,0,0.0,0.0,-0.0016564833198177142,2.2770751074800546,0.5182216601320524,-0.0
2024-05-19,66278.3671875,66295.01258670815,0.0985672003173722,55.988108967820104,0,63925.92421875,63462.4703125,0,0.0,0.0,-0.009895869986810912,2.2545414682662286,0.5182216601320524,-0.0
2024-05-20,71448.1953125,71355.84376450576,1.3776595259808893,67.96298131028684,0,64991.466015625,63677.595442708334,0,0.0,0.0,0.07800174241430358,2.4303996311362965,0.5182216601320524,0.0
2024-05-21,70136.53125,70140.14946830709,1.5378660859710669,66.56463123846649,0,65925.748046875,63851.25833333333,0,0.0,0.0,-0.018358253231772315,2.3857817392534906,0.5182216601320524,-0.0
2024-05-22,69122.3359375,69118.04284175523,0.8032434494649043,66.94178934948593,0,66693.1421875,63927.41354166667,0,0.0,0.0,-0.01446030042296964,2.35128261856025,0.5182216601320524,-0.0
2024-05-23,67929.5625,67934.79184837433,1.276015847108332,60.72562924456308,0,67195.953515625,63978.156510416666,0,0.0,0.0,-0.017255976976508713,2.310708939829109,0.5182216601320524,-0.0
2024-05-24,68526.1015625,68513.08825932538,0.6157979401238224,68.33693113287431,0,67893.284765625,64119.796614583334,0,0.0,0.0,0.008781729788116976,2.3310009613576748,0.5182216601320524,0.0
2024-05-25,69265.9453125,69239.90936764343,-0.097756998217475,69.40888804889887,0,68193.130078125,64279.271223958334,0,0.0,0.0,0.010796524727518797,2.356167670876843,0.5182216601320524,0.0
2024-05-26,68518.09375,68529.17212702404,-0.0896793670729525,66.12700377582838,0,68521.78125,64438.03033854167,0,0.0,0.0,-0.010796814497022966,2.330728565610503,0.5182216601320524,-0.0
2024-05-27,69394.5546875,69391.40089020351,0.4428549681655977,65.2118717822334,0,68756.04921875,64637.21080729167,0,0.0,0.0,0.012791671360530277,2.3605424794523926,0.5182216601320524,0.0
2024-05-28,68296.21875,68324.44729270157,0.7990686867569893,65.98582320528757,0,68891.590625,64809.97708333333,0,0.0,0.0,-0.015827408107827234,2.323181210274237,0.5182216601320524,-0.0
2024-05-29,67578.09375,67593.43027687047,0.4863248237488572,53.83321558064566,0,69021.56328125,64934.54283854167,0,0.0,0.0,-0.01051485738366742,2.2987532911717876,0.5182216601320524,-0.0
2024-05-30,68364.9921875,68363.0322960067,0.632040569741241,59.29998606427546,0,68713.24296875,65192.14739583333,0,0.0,0.0,0.011644282841286824,2.325520624676531,0.5182216601320524,0.0
2024-05-31,67491.4140625,67517.27928730116,0.5216905669375025,51.382232947071685,0,68448.73125,65500.060807291666,0,0.0,0.0,-0.012778150001159894,2.2958047733036233,0.5182216601320524,-0.0
2024-06-01,67706.9375,67712.15089305816,-0.2969695439731333,52.39355846833737,0,68307.19140625,65786.17760416666,0,0.0,0.0,0.0031933460054698326,2.303136072305791,0.5182216601320524,0.0
2024-06-02,67751.6015625,67758.456704753,-0.0126187016833773,54.78749332298863,0,68289.3953125,65948.23645833334,0,0.0,0.0,0.0006596674454519835,2.304655376195137,0.5182216601320524,0.0
2024-06-03,68804.78125,68788.22948019297,0.7823801574558441,38.27196011405096,0,68317.26328125,66112.01341145833,0,0.0,0.0,0.015544720172089965,2.3404805991111934,0.5182216601320524,0.0
2024-06-04,70567.765625,70536.56924005422,0.8212917957155618,51.83958749088506,0,68447.4453125,66329.901171875,0,0.0,0.0,0.025622992224831664,2.400450715304589,0.5182216601320524,0.0
2024-06-05,70849.0234375,70839.78233115235,1.0034545008250348,57.85713980999185,0,68680.53828125,66586.13697916667,0,0.0,0.0,0.0039856414612107205,2.4100180512011,0.5182216601320524,0.0
